image,class
13993.jpg,48
107336.jpg,40
116771.jpg,67
159745.jpg,49
61399.jpg,12
21047.jpg,56
9375.jpg,12
53278.jpg,111
151808.jpg,12
111012.jpg,58
52451.jpg,81
53977.jpg,84
140214.jpg,45
129292.jpg,64
21617.jpg,58
56470.jpg,21
13020.jpg,67
105663.jpg,84
63897.jpg,12
155786.jpg,58
26662.jpg,1
128584.jpg,101
112921.jpg,16
117925.jpg,101
131705.jpg,101
150149.jpg,28
63049.jpg,60
68572.jpg,101
14662.jpg,27
144069.jpg,84
89428.jpg,84
94219.jpg,99
23419.jpg,118
126341.jpg,34
101065.jpg,58
151075.jpg,45
141463.jpg,12
53093.jpg,26
151337.jpg,32
17514.jpg,27
25120.jpg,118
43657.jpg,99
89355.jpg,84
19028.jpg,105
96171.jpg,45
55233.jpg,61
83360.jpg,74
4068.jpg,34
6238.jpg,37
120653.jpg,101
17492.jpg,24
37703.jpg,70
44700.jpg,78
93999.jpg,49
84688.jpg,58
84036.jpg,84
31916.jpg,104
99335.jpg,12
82515.jpg,5
150871.jpg,12
128522.jpg,45
91327.jpg,31
88785.jpg,80
59003.jpg,32
148779.jpg,4
157026.jpg,84
35530.jpg,117
2536.jpg,4
20219.jpg,84
38248.jpg,116
135837.jpg,45
98484.jpg,45
60206.jpg,100
93691.jpg,1
67227.jpg,29
8764.jpg,113
94223.jpg,84
20759.jpg,27
69251.jpg,84
12001.jpg,50
62530.jpg,43
21238.jpg,58
83495.jpg,101
80945.jpg,111
44635.jpg,112
151238.jpg,22
15626.jpg,70
6909.jpg,67
37151.jpg,101
133806.jpg,88
34439.jpg,117
24948.jpg,84
113837.jpg,12
39248.jpg,58
85181.jpg,3
16099.jpg,101
128529.jpg,70
87940.jpg,73
20869.jpg,99
6005.jpg,31
109647.jpg,45
84834.jpg,12
16914.jpg,43
94590.jpg,2
113703.jpg,58
140578.jpg,64
8482.jpg,101
66163.jpg,72
133867.jpg,12
92891.jpg,22
145593.jpg,45
43829.jpg,99
9203.jpg,67
12793.jpg,70
141843.jpg,58
13744.jpg,99
89194.jpg,105
138397.jpg,34
98329.jpg,55
139097.jpg,45
133890.jpg,42
23692.jpg,34
128134.jpg,44
134973.jpg,94
38390.jpg,45
26582.jpg,58
130713.jpg,70
91297.jpg,21
121323.jpg,70
29613.jpg,58
111178.jpg,84
24422.jpg,34
65528.jpg,26
110539.jpg,59
95149.jpg,117
156128.jpg,61
143387.jpg,25
114466.jpg,61
108255.jpg,24
86081.jpg,24
111105.jpg,58
15456.jpg,101
27080.jpg,76
159982.jpg,24
103999.jpg,61
160017.jpg,3
156582.jpg,94
65399.jpg,43
7765.jpg,12
45284.jpg,3
135363.jpg,105
33041.jpg,43
26729.jpg,72
136381.jpg,78
13889.jpg,3
13062.jpg,45
64930.jpg,12
104498.jpg,45
124682.jpg,113
24313.jpg,101
74744.jpg,105
17457.jpg,44
76861.jpg,58
98617.jpg,114
28519.jpg,31
78586.jpg,12
146409.jpg,101
8693.jpg,84
95843.jpg,26
153372.jpg,101
29654.jpg,27
26137.jpg,58
70694.jpg,18
45524.jpg,3
112312.jpg,58
140830.jpg,6
158034.jpg,45
20958.jpg,45
153852.jpg,45
9117.jpg,21
2627.jpg,99
95292.jpg,117
3346.jpg,84
85467.jpg,21
114672.jpg,44
79377.jpg,70
102185.jpg,36
134427.jpg,61
75745.jpg,58
30592.jpg,58
99515.jpg,45
5373.jpg,101
87501.jpg,3
128316.jpg,119
159780.jpg,26
51860.jpg,117
43364.jpg,73
11965.jpg,31
56596.jpg,112
5664.jpg,6
26830.jpg,58
109572.jpg,119
45668.jpg,3
103980.jpg,94
111581.jpg,31
43609.jpg,0
36012.jpg,84
91232.jpg,0
116577.jpg,8
93997.jpg,3
143155.jpg,113
52296.jpg,3
131074.jpg,24
23314.jpg,94
144637.jpg,113
123364.jpg,84
116812.jpg,101
103041.jpg,26
22200.jpg,8
131405.jpg,20
50007.jpg,45
146198.jpg,18
42077.jpg,49
88632.jpg,43
97626.jpg,0
88656.jpg,113
152620.jpg,32
80088.jpg,8
74417.jpg,101
133996.jpg,101
77026.jpg,26
46832.jpg,58
120593.jpg,105
114012.jpg,92
56658.jpg,99
46871.jpg,45
48537.jpg,118
71177.jpg,59
117254.jpg,12
122058.jpg,89
1727.jpg,101
11591.jpg,45
85154.jpg,68
83068.jpg,67
29829.jpg,101
101932.jpg,26
59130.jpg,58
134389.jpg,26
114913.jpg,11
38965.jpg,64
120292.jpg,56
153316.jpg,58
71986.jpg,1
120736.jpg,46
139545.jpg,49
13752.jpg,58
143274.jpg,26
119882.jpg,58
82497.jpg,6
144714.jpg,24
134818.jpg,29
26275.jpg,45
35482.jpg,48
25389.jpg,58
79191.jpg,45
61088.jpg,105
89681.jpg,99
140732.jpg,43
144632.jpg,61
144055.jpg,11
40052.jpg,53
106529.jpg,25
65634.jpg,53
103345.jpg,45
66610.jpg,84
96683.jpg,1
13219.jpg,119
37990.jpg,26
112827.jpg,61
155179.jpg,27
110212.jpg,84
6089.jpg,44
148905.jpg,42
118674.jpg,3
42630.jpg,73
158507.jpg,3
40850.jpg,20
14182.jpg,45
82660.jpg,58
11460.jpg,84
27652.jpg,32
43811.jpg,58
22478.jpg,78
9611.jpg,117
125624.jpg,22
67724.jpg,58
54784.jpg,45
14963.jpg,113
38284.jpg,101
93236.jpg,43
77456.jpg,84
45137.jpg,21
45550.jpg,45
44774.jpg,117
96594.jpg,101
28304.jpg,6
104393.jpg,94
96922.jpg,1
17518.jpg,84
118522.jpg,105
114857.jpg,99
148356.jpg,58
18092.jpg,71
6259.jpg,12
113143.jpg,0
6496.jpg,99
35968.jpg,0
91351.jpg,43
89319.jpg,6
41168.jpg,45
146693.jpg,84
47132.jpg,26
76034.jpg,17
151346.jpg,70
65409.jpg,49
6038.jpg,67
57306.jpg,67
66242.jpg,105
96172.jpg,101
17041.jpg,27
144168.jpg,114
121550.jpg,70
7958.jpg,84
134212.jpg,26
24902.jpg,6
19616.jpg,94
116848.jpg,6
135115.jpg,70
38633.jpg,101
30180.jpg,70
24686.jpg,60
119556.jpg,101
125610.jpg,6
22462.jpg,74
29745.jpg,70
104971.jpg,58
13569.jpg,32
18466.jpg,12
95424.jpg,84
74257.jpg,3
85643.jpg,12
40308.jpg,84
112124.jpg,84
82231.jpg,112
121255.jpg,84
116706.jpg,12
154067.jpg,101
36174.jpg,45
15693.jpg,45
96971.jpg,73
125361.jpg,61
1771.jpg,84
131292.jpg,64
110562.jpg,84
45765.jpg,70
725.jpg,105
134814.jpg,36
130811.jpg,45
5841.jpg,43
149990.jpg,101
45868.jpg,34
92232.jpg,0
38877.jpg,58
105340.jpg,8
3711.jpg,31
137429.jpg,73
72742.jpg,12
127853.jpg,114
110180.jpg,84
137247.jpg,1
33027.jpg,3
824.jpg,5
34603.jpg,45
101161.jpg,8
121525.jpg,63
60358.jpg,101
96888.jpg,45
101246.jpg,34
69793.jpg,26
25380.jpg,34
110088.jpg,45
51382.jpg,23
72019.jpg,105
153915.jpg,99
111898.jpg,84
9266.jpg,113
59500.jpg,42
10019.jpg,92
142538.jpg,12
51713.jpg,5
6923.jpg,20
32349.jpg,27
102244.jpg,61
29253.jpg,3
38061.jpg,26
94737.jpg,58
159058.jpg,8
85060.jpg,58
59392.jpg,8
51283.jpg,113
3608.jpg,36
77045.jpg,11
145195.jpg,84
60674.jpg,101
57479.jpg,114
116237.jpg,94
83306.jpg,117
55621.jpg,105
66834.jpg,27
145013.jpg,34
136128.jpg,45
11896.jpg,112
87976.jpg,99
130400.jpg,84
69860.jpg,43
157545.jpg,101
5040.jpg,24
83336.jpg,38
156749.jpg,101
52859.jpg,58
158827.jpg,84
159617.jpg,26
89553.jpg,94
126295.jpg,39
132312.jpg,34
67847.jpg,99
125203.jpg,99
62445.jpg,3
33589.jpg,84
134473.jpg,43
131051.jpg,21
143327.jpg,17
81628.jpg,38
126978.jpg,58
153927.jpg,94
87608.jpg,100
84589.jpg,101
146116.jpg,58
137191.jpg,101
109612.jpg,12
126040.jpg,45
77427.jpg,49
152827.jpg,67
97390.jpg,29
16062.jpg,21
2085.jpg,8
70394.jpg,5
113561.jpg,34
47312.jpg,105
94674.jpg,94
65800.jpg,12
55631.jpg,32
25192.jpg,45
54658.jpg,46
45549.jpg,70
44651.jpg,99
67099.jpg,44
129757.jpg,94
143854.jpg,7
91531.jpg,58
100480.jpg,3
77498.jpg,45
136884.jpg,101
31327.jpg,114
10858.jpg,67
89121.jpg,101
78167.jpg,58
128781.jpg,94
114485.jpg,99
125451.jpg,80
155428.jpg,84
78358.jpg,105
42216.jpg,117
100730.jpg,84
12492.jpg,45
104766.jpg,45
160485.jpg,26
127132.jpg,58
9058.jpg,8
44429.jpg,105
158693.jpg,105
39670.jpg,6
64130.jpg,101
2339.jpg,58
139500.jpg,19
127226.jpg,27
44281.jpg,101
96771.jpg,26
54450.jpg,99
110457.jpg,105
112215.jpg,58
14929.jpg,113
129947.jpg,61
151202.jpg,6
47749.jpg,32
77982.jpg,58
87789.jpg,34
20328.jpg,99
155456.jpg,70
6412.jpg,100
158563.jpg,84
85453.jpg,34
136337.jpg,61
124020.jpg,17
3984.jpg,99
125946.jpg,12
155241.jpg,0
154355.jpg,18
56986.jpg,58
2645.jpg,7
21598.jpg,34
129862.jpg,105
38159.jpg,36
85848.jpg,45
3391.jpg,105
44387.jpg,117
134315.jpg,24
159236.jpg,12
91698.jpg,46
118570.jpg,61
50479.jpg,31
153934.jpg,26
75388.jpg,45
122572.jpg,101
134601.jpg,1
106799.jpg,8
116005.jpg,5
37546.jpg,3
26037.jpg,94
135369.jpg,56
109103.jpg,3
29924.jpg,34
116579.jpg,94
93364.jpg,43
143880.jpg,84
104825.jpg,117
122389.jpg,26
96179.jpg,78
111281.jpg,45
98845.jpg,34
29685.jpg,70
28766.jpg,26
5941.jpg,100
132217.jpg,12
100666.jpg,58
160697.jpg,109
59773.jpg,34
16407.jpg,24
50858.jpg,99
155285.jpg,101
148614.jpg,28
42403.jpg,34
65077.jpg,27
92563.jpg,61
64688.jpg,58
128601.jpg,36
147104.jpg,12
20713.jpg,26
74500.jpg,8
44250.jpg,105
125.jpg,58
63977.jpg,34
74293.jpg,100
79255.jpg,105
153813.jpg,84
92437.jpg,85
69787.jpg,18
70788.jpg,44
46500.jpg,101
14038.jpg,4
111764.jpg,45
58852.jpg,1
110311.jpg,11
42986.jpg,101
128432.jpg,99
75185.jpg,117
41275.jpg,8
115182.jpg,58
106213.jpg,40
26979.jpg,117
77409.jpg,101
3465.jpg,45
92293.jpg,78
63471.jpg,84
5733.jpg,117
142222.jpg,100
5590.jpg,36
149348.jpg,45
104809.jpg,66
124289.jpg,26
53523.jpg,101
42826.jpg,34
1135.jpg,64
95977.jpg,36
42337.jpg,101
19231.jpg,105
159482.jpg,8
122026.jpg,72
49767.jpg,112
75635.jpg,24
30412.jpg,53
75125.jpg,58
69267.jpg,12
40521.jpg,54
11667.jpg,78
116335.jpg,45
77413.jpg,27
31356.jpg,84
26660.jpg,21
147182.jpg,72
23591.jpg,26
108649.jpg,67
102079.jpg,58
81847.jpg,40
31037.jpg,100
41397.jpg,6
44508.jpg,26
135163.jpg,21
82137.jpg,11
15473.jpg,101
87995.jpg,1
94979.jpg,117
118599.jpg,101
121929.jpg,5
42276.jpg,8
32546.jpg,99
119167.jpg,3
114615.jpg,92
36798.jpg,46
84860.jpg,26
84709.jpg,45
137811.jpg,99
149182.jpg,64
26844.jpg,27
80621.jpg,27
22105.jpg,3
121655.jpg,34
145437.jpg,45
85444.jpg,58
70278.jpg,58
16692.jpg,6
49184.jpg,3
128590.jpg,34
137123.jpg,26
132466.jpg,12
100347.jpg,53
16249.jpg,21
97184.jpg,26
57476.jpg,49
88673.jpg,32
134968.jpg,66
14551.jpg,3
132726.jpg,26
20508.jpg,21
88672.jpg,16
70149.jpg,2
67056.jpg,45
12892.jpg,84
119861.jpg,26
30030.jpg,43
28306.jpg,34
120747.jpg,27
38142.jpg,34
136567.jpg,26
71672.jpg,58
82793.jpg,70
147615.jpg,76
103785.jpg,64
158191.jpg,8
85975.jpg,94
39797.jpg,63
129395.jpg,1
80057.jpg,114
119.jpg,84
20269.jpg,70
4786.jpg,12
72674.jpg,58
109966.jpg,36
88380.jpg,103
52312.jpg,3
59813.jpg,32
111628.jpg,44
90504.jpg,84
68914.jpg,45
53425.jpg,105
61287.jpg,58
83492.jpg,28
76893.jpg,84
123736.jpg,117
35852.jpg,12
46013.jpg,84
20334.jpg,70
80717.jpg,84
148202.jpg,0
5818.jpg,84
36276.jpg,53
106768.jpg,6
2114.jpg,12
27415.jpg,94
110705.jpg,99
30479.jpg,67
91793.jpg,12
152395.jpg,94
96747.jpg,112
83665.jpg,101
7755.jpg,12
47241.jpg,34
156515.jpg,45
127614.jpg,26
125795.jpg,58
19390.jpg,0
93948.jpg,26
38217.jpg,3
131879.jpg,63
34059.jpg,26
93936.jpg,1
94524.jpg,26
117665.jpg,12
66190.jpg,45
131440.jpg,58
90650.jpg,26
51933.jpg,99
8099.jpg,3
153495.jpg,49
5564.jpg,18
154071.jpg,43
133913.jpg,84
140922.jpg,56
114782.jpg,70
52392.jpg,0
40689.jpg,61
85794.jpg,101
115421.jpg,67
129566.jpg,50
748.jpg,84
14839.jpg,34
20654.jpg,74
88708.jpg,32
102684.jpg,58
17437.jpg,12
143317.jpg,32
61570.jpg,45
45073.jpg,103
105942.jpg,100
97740.jpg,70
73216.jpg,99
64594.jpg,74
142807.jpg,119
130361.jpg,58
148580.jpg,101
123250.jpg,18
19416.jpg,5
35401.jpg,28
31467.jpg,21
122678.jpg,84
32120.jpg,101
38504.jpg,67
9342.jpg,5
129726.jpg,58
27131.jpg,24
15446.jpg,101
72946.jpg,58
64933.jpg,45
85493.jpg,26
17027.jpg,70
883.jpg,32
133988.jpg,101
73390.jpg,113
125061.jpg,101
80063.jpg,76
109962.jpg,47
31020.jpg,11
158136.jpg,58
120345.jpg,99
95377.jpg,12
36913.jpg,84
106568.jpg,101
733.jpg,2
142915.jpg,101
125833.jpg,31
119710.jpg,84
5791.jpg,6
59102.jpg,12
38016.jpg,101
34829.jpg,26
4396.jpg,58
110430.jpg,101
97775.jpg,58
52665.jpg,84
111738.jpg,31
154225.jpg,117
26877.jpg,45
35708.jpg,26
135881.jpg,24
84493.jpg,58
144550.jpg,105
119960.jpg,61
49597.jpg,99
41724.jpg,0
88555.jpg,36
89666.jpg,12
137743.jpg,26
86156.jpg,101
36985.jpg,3
122333.jpg,101
147522.jpg,12
148725.jpg,49
30855.jpg,84
2878.jpg,53
68871.jpg,3
128150.jpg,84
103096.jpg,3
148311.jpg,12
46646.jpg,101
98597.jpg,101
131216.jpg,12
115729.jpg,110
70616.jpg,26
2660.jpg,45
8202.jpg,53
129158.jpg,58
120410.jpg,49
95481.jpg,50
116631.jpg,84
44380.jpg,113
153443.jpg,45
56223.jpg,56
14572.jpg,76
60615.jpg,58
62630.jpg,67
101811.jpg,34
104739.jpg,34
49883.jpg,99
116493.jpg,58
72234.jpg,8
1775.jpg,58
129532.jpg,101
82839.jpg,58
95027.jpg,34
29646.jpg,84
20100.jpg,99
15196.jpg,18
91965.jpg,3
32918.jpg,21
124232.jpg,26
25029.jpg,99
66588.jpg,46
69323.jpg,119
82047.jpg,34
81249.jpg,101
135758.jpg,0
127314.jpg,53
74448.jpg,97
152441.jpg,117
69828.jpg,32
1412.jpg,12
79816.jpg,101
66197.jpg,3
133335.jpg,94
10280.jpg,11
51253.jpg,100
86395.jpg,3
42142.jpg,32
132031.jpg,99
54849.jpg,39
5830.jpg,36
93981.jpg,8
110966.jpg,34
154652.jpg,99
84574.jpg,45
29344.jpg,43
131992.jpg,84
8742.jpg,12
52460.jpg,34
37553.jpg,24
110420.jpg,101
144377.jpg,84
31455.jpg,101
10820.jpg,58
116348.jpg,84
8014.jpg,99
154351.jpg,45
114582.jpg,27
7026.jpg,45
17308.jpg,66
119005.jpg,3
18862.jpg,58
73186.jpg,84
51402.jpg,90
58338.jpg,58
38854.jpg,70
64057.jpg,70
3516.jpg,8
39490.jpg,114
61180.jpg,26
86637.jpg,73
54431.jpg,66
87902.jpg,73
108228.jpg,117
154375.jpg,29
14468.jpg,26
10947.jpg,8
105616.jpg,3
132088.jpg,45
101924.jpg,119
103809.jpg,84
64348.jpg,36
67378.jpg,11
126033.jpg,84
157571.jpg,34
83729.jpg,105
107276.jpg,26
60123.jpg,53
11648.jpg,3
111643.jpg,101
60401.jpg,26
13378.jpg,42
12712.jpg,101
136197.jpg,22
108673.jpg,58
118330.jpg,12
90718.jpg,42
41539.jpg,24
53966.jpg,5
36595.jpg,32
116920.jpg,101
24395.jpg,61
39570.jpg,101
66266.jpg,84
5050.jpg,99
17009.jpg,1
123712.jpg,103
128910.jpg,67
20628.jpg,101
47838.jpg,26
156330.jpg,58
32535.jpg,117
135919.jpg,58
123999.jpg,101
41287.jpg,12
84085.jpg,22
82753.jpg,5
114833.jpg,99
66150.jpg,105
84738.jpg,5
158644.jpg,7
81832.jpg,113
114024.jpg,101
74344.jpg,101
74176.jpg,68
44958.jpg,12
82041.jpg,101
20550.jpg,84
45329.jpg,101
98058.jpg,113
153154.jpg,100
4307.jpg,45
71895.jpg,26
91140.jpg,24
94971.jpg,50
140122.jpg,58
158546.jpg,72
158539.jpg,23
70924.jpg,66
21066.jpg,101
10030.jpg,58
154849.jpg,24
144838.jpg,32
34031.jpg,12
144812.jpg,58
133171.jpg,45
2873.jpg,58
53580.jpg,49
66625.jpg,5
29695.jpg,21
78425.jpg,12
14452.jpg,21
111621.jpg,44
133389.jpg,34
48454.jpg,117
107861.jpg,105
128783.jpg,84
83427.jpg,45
783.jpg,101
45481.jpg,73
32347.jpg,23
27558.jpg,58
102836.jpg,26
117360.jpg,5
25709.jpg,67
33743.jpg,24
151797.jpg,67
76382.jpg,12
150024.jpg,111
13158.jpg,119
129935.jpg,100
37997.jpg,34
89680.jpg,56
86696.jpg,101
144082.jpg,58
148195.jpg,1
125190.jpg,117
58675.jpg,58
26161.jpg,0
35443.jpg,76
57742.jpg,99
77117.jpg,113
36695.jpg,101
28288.jpg,36
92844.jpg,11
96635.jpg,45
153247.jpg,113
147678.jpg,26
117614.jpg,99
111937.jpg,73
18865.jpg,12
92177.jpg,101
82683.jpg,61
58467.jpg,117
87367.jpg,67
75670.jpg,84
28183.jpg,34
83509.jpg,58
79623.jpg,34
59750.jpg,12
8504.jpg,117
96009.jpg,105
69045.jpg,45
16587.jpg,24
78567.jpg,105
42431.jpg,46
110321.jpg,34
44350.jpg,84
74454.jpg,61
40497.jpg,68
70515.jpg,87
50421.jpg,53
83565.jpg,101
71869.jpg,58
100983.jpg,3
6164.jpg,101
108326.jpg,58
146291.jpg,53
131151.jpg,99
139391.jpg,100
157254.jpg,26
136338.jpg,99
85844.jpg,101
124634.jpg,67
22752.jpg,26
100196.jpg,67
130607.jpg,70
63967.jpg,101
8549.jpg,12
85333.jpg,58
107579.jpg,58
49940.jpg,32
50137.jpg,84
17600.jpg,114
92091.jpg,101
117301.jpg,45
42383.jpg,12
69215.jpg,12
101151.jpg,101
134061.jpg,67
109466.jpg,32
80076.jpg,99
45629.jpg,58
115905.jpg,84
44962.jpg,22
25868.jpg,22
45208.jpg,110
62495.jpg,117
58564.jpg,8
189.jpg,6
37721.jpg,12
8384.jpg,94
46815.jpg,7
46498.jpg,43
91008.jpg,113
96604.jpg,113
132307.jpg,26
131270.jpg,26
127629.jpg,12
151188.jpg,45
124221.jpg,70
153763.jpg,0
53078.jpg,105
37218.jpg,12
115387.jpg,105
110214.jpg,32
50513.jpg,58
104967.jpg,42
146247.jpg,3
77963.jpg,26
107904.jpg,84
95354.jpg,24
118774.jpg,117
92963.jpg,101
20593.jpg,35
139174.jpg,26
148058.jpg,3
42529.jpg,1
96120.jpg,99
64443.jpg,84
137822.jpg,36
87552.jpg,81
112863.jpg,67
5056.jpg,58
12771.jpg,101
108631.jpg,81
32153.jpg,74
110447.jpg,101
14833.jpg,119
97115.jpg,32
61422.jpg,22
42554.jpg,39
59143.jpg,101
137291.jpg,1
148361.jpg,93
147527.jpg,5
118650.jpg,100
35736.jpg,12
129212.jpg,58
36986.jpg,58
51467.jpg,5
81634.jpg,78
142407.jpg,24
114987.jpg,3
24923.jpg,39
65673.jpg,105
92932.jpg,45
124867.jpg,87
155423.jpg,84
146320.jpg,32
10943.jpg,3
87572.jpg,101
74107.jpg,117
151057.jpg,21
70989.jpg,12
86383.jpg,26
94129.jpg,58
152785.jpg,58
86950.jpg,70
151816.jpg,24
122993.jpg,34
61464.jpg,58
108161.jpg,45
2772.jpg,22
74188.jpg,61
66810.jpg,26
36440.jpg,56
60903.jpg,28
17759.jpg,26
54575.jpg,45
159648.jpg,101
77276.jpg,24
150992.jpg,26
105048.jpg,101
89682.jpg,67
9385.jpg,58
75810.jpg,84
53752.jpg,41
99709.jpg,100
5507.jpg,36
150677.jpg,94
23593.jpg,58
13034.jpg,24
120803.jpg,113
124611.jpg,58
159896.jpg,101
149733.jpg,27
76530.jpg,105
115105.jpg,3
76380.jpg,12
98503.jpg,99
147691.jpg,114
89258.jpg,23
197.jpg,67
3875.jpg,44
75576.jpg,63
127139.jpg,94
126459.jpg,26
43331.jpg,12
15158.jpg,26
115221.jpg,87
38958.jpg,32
29552.jpg,5
105215.jpg,47
146877.jpg,58
121886.jpg,74
85387.jpg,58
148569.jpg,99
24960.jpg,34
131258.jpg,45
11178.jpg,46
146902.jpg,67
109325.jpg,45
25896.jpg,34
106517.jpg,17
153559.jpg,49
35815.jpg,99
32570.jpg,58
77558.jpg,12
150082.jpg,94
159494.jpg,45
47815.jpg,58
33703.jpg,34
108461.jpg,58
58625.jpg,58
32194.jpg,101
149822.jpg,12
103575.jpg,8
68923.jpg,12
121498.jpg,101
132401.jpg,101
100640.jpg,63
118376.jpg,58
69381.jpg,11
78976.jpg,58
36969.jpg,84
362.jpg,26
156351.jpg,84
33858.jpg,101
72477.jpg,24
141766.jpg,7
26497.jpg,50
124984.jpg,45
42629.jpg,99
6156.jpg,34
98316.jpg,99
45283.jpg,84
72484.jpg,99
119538.jpg,84
11231.jpg,23
67736.jpg,53
128768.jpg,101
34655.jpg,112
51823.jpg,118
43544.jpg,101
82732.jpg,99
7393.jpg,12
57896.jpg,45
104808.jpg,112
12711.jpg,45
106938.jpg,8
12299.jpg,58
45172.jpg,99
70104.jpg,20
135762.jpg,26
57303.jpg,12
10466.jpg,12
117659.jpg,22
124017.jpg,58
55604.jpg,117
100633.jpg,84
135482.jpg,32
72813.jpg,20
36578.jpg,111
39112.jpg,53
94019.jpg,0
42310.jpg,81
93227.jpg,61
47793.jpg,67
51146.jpg,45
110224.jpg,84
147275.jpg,84
44661.jpg,21
143249.jpg,113
128759.jpg,105
8060.jpg,84
72475.jpg,24
126970.jpg,26
157762.jpg,34
24345.jpg,58
104499.jpg,117
2895.jpg,28
96282.jpg,26
40588.jpg,99
114392.jpg,111
140628.jpg,32
94560.jpg,60
4900.jpg,12
131667.jpg,84
146807.jpg,112
113350.jpg,58
96718.jpg,32
71803.jpg,117
126242.jpg,84
25817.jpg,22
23798.jpg,22
103102.jpg,28
4553.jpg,99
29564.jpg,56
112901.jpg,12
106545.jpg,58
148601.jpg,12
109654.jpg,28
63467.jpg,117
37611.jpg,117
92630.jpg,49
5786.jpg,103
125804.jpg,69
31167.jpg,58
41351.jpg,58
159112.jpg,111
87580.jpg,112
47187.jpg,105
58948.jpg,12
62980.jpg,84
86490.jpg,28
13214.jpg,54
91100.jpg,70
51984.jpg,0
69261.jpg,58
151359.jpg,5
137722.jpg,113
115108.jpg,1
53465.jpg,74
115955.jpg,99
56049.jpg,36
21286.jpg,99
159288.jpg,61
46852.jpg,27
51692.jpg,31
43598.jpg,38
160706.jpg,5
37481.jpg,56
80293.jpg,81
92203.jpg,116
122931.jpg,27
43430.jpg,21
118708.jpg,5
129415.jpg,11
78900.jpg,58
105391.jpg,113
49912.jpg,101
135835.jpg,99
77933.jpg,114
76109.jpg,58
49939.jpg,1
126556.jpg,45
118215.jpg,20
46957.jpg,70
40432.jpg,58
38302.jpg,7
118567.jpg,36
62176.jpg,67
53317.jpg,6
20485.jpg,0
131843.jpg,64
118222.jpg,104
150197.jpg,58
83281.jpg,99
19154.jpg,46
37298.jpg,53
102561.jpg,58
110182.jpg,84
123140.jpg,58
93296.jpg,94
124625.jpg,12
102536.jpg,8
114397.jpg,84
153727.jpg,113
106994.jpg,84
153661.jpg,113
108684.jpg,55
69983.jpg,56
145866.jpg,73
64904.jpg,3
94720.jpg,12
80170.jpg,59
51571.jpg,44
60960.jpg,84
83853.jpg,12
135228.jpg,61
24479.jpg,101
55242.jpg,26
146454.jpg,12
33624.jpg,6
31447.jpg,58
118137.jpg,26
14418.jpg,84
53817.jpg,58
23780.jpg,34
57600.jpg,70
111650.jpg,84
149857.jpg,101
137067.jpg,43
29827.jpg,58
82336.jpg,101
13928.jpg,0
66908.jpg,113
77363.jpg,5
97797.jpg,58
126876.jpg,32
100725.jpg,8
78110.jpg,49
60785.jpg,101
135341.jpg,3
102790.jpg,22
49288.jpg,31
138042.jpg,84
146511.jpg,101
109987.jpg,46
83946.jpg,8
82644.jpg,43
132655.jpg,84
60583.jpg,87
95713.jpg,3
97765.jpg,101
43372.jpg,34
56505.jpg,26
88898.jpg,58
56182.jpg,31
20942.jpg,11
141907.jpg,117
11436.jpg,45
25996.jpg,3
6668.jpg,34
103298.jpg,21
61413.jpg,101
23517.jpg,118
23885.jpg,56
44546.jpg,101
25821.jpg,16
157697.jpg,3
50128.jpg,49
76026.jpg,39
78940.jpg,12
60948.jpg,21
110137.jpg,101
43995.jpg,58
46886.jpg,22
35316.jpg,100
118641.jpg,84
25579.jpg,119
132108.jpg,12
62973.jpg,101
124453.jpg,63
120234.jpg,34
54882.jpg,12
54452.jpg,34
160293.jpg,64
70913.jpg,58
8488.jpg,45
9838.jpg,12
151544.jpg,49
149497.jpg,58
85815.jpg,12
12822.jpg,74
41943.jpg,43
131397.jpg,26
82537.jpg,58
124809.jpg,84
143198.jpg,84
4983.jpg,35
143012.jpg,117
68984.jpg,27
139803.jpg,34
104650.jpg,3
86657.jpg,42
139828.jpg,73
138818.jpg,101
73171.jpg,36
155613.jpg,58
83330.jpg,73
130854.jpg,31
108692.jpg,101
21931.jpg,12
159889.jpg,12
122396.jpg,84
27820.jpg,100
87328.jpg,80
145816.jpg,12
132407.jpg,78
23558.jpg,99
116197.jpg,116
29907.jpg,37
136590.jpg,101
154651.jpg,84
52021.jpg,105
72599.jpg,27
55535.jpg,73
130174.jpg,26
39944.jpg,67
5160.jpg,6
147831.jpg,60
73098.jpg,100
134051.jpg,45
3103.jpg,45
8605.jpg,3
36748.jpg,58
85177.jpg,24
23858.jpg,0
38856.jpg,8
57052.jpg,1
80637.jpg,66
43087.jpg,32
92633.jpg,113
82617.jpg,68
79550.jpg,84
86402.jpg,6
59727.jpg,99
53305.jpg,99
129510.jpg,3
144814.jpg,46
11783.jpg,63
95185.jpg,101
4485.jpg,72
99287.jpg,28
114703.jpg,45
55240.jpg,101
19574.jpg,69
139810.jpg,105
16645.jpg,84
149049.jpg,58
65670.jpg,27
64948.jpg,24
160384.jpg,6
124817.jpg,105
24951.jpg,49
145772.jpg,22
134732.jpg,101
156053.jpg,1
146309.jpg,12
39962.jpg,58
93925.jpg,27
137025.jpg,105
103926.jpg,18
29476.jpg,21
7042.jpg,36
105980.jpg,99
103832.jpg,26
157954.jpg,45
36508.jpg,117
37760.jpg,58
65110.jpg,34
135446.jpg,45
96653.jpg,84
55498.jpg,12
23677.jpg,100
32486.jpg,94
23124.jpg,99
58101.jpg,32
142883.jpg,101
39025.jpg,26
70179.jpg,17
92601.jpg,12
156180.jpg,58
69287.jpg,12
151360.jpg,1
98900.jpg,32
91065.jpg,31
100115.jpg,8
119833.jpg,117
135713.jpg,113
127335.jpg,58
127497.jpg,105
78290.jpg,67
142845.jpg,32
135657.jpg,12
72606.jpg,8
117282.jpg,99
119875.jpg,22
123009.jpg,32
155791.jpg,26
151107.jpg,111
110930.jpg,117
88066.jpg,26
95492.jpg,119
151441.jpg,1
118305.jpg,45
80502.jpg,101
116671.jpg,101
56701.jpg,105
72300.jpg,117
97024.jpg,26
112515.jpg,1
31155.jpg,32
155340.jpg,28
29237.jpg,119
71015.jpg,24
100607.jpg,61
52503.jpg,58
33366.jpg,84
129221.jpg,5
32926.jpg,100
81365.jpg,34
14700.jpg,3
139098.jpg,23
95919.jpg,12
105547.jpg,67
117991.jpg,84
157409.jpg,61
124828.jpg,47
10615.jpg,12
49760.jpg,34
137243.jpg,16
22857.jpg,45
122713.jpg,84
150245.jpg,39
113106.jpg,116
89788.jpg,36
57268.jpg,8
5461.jpg,99
138188.jpg,12
129823.jpg,101
90846.jpg,0
54459.jpg,58
16377.jpg,12
9697.jpg,34
100494.jpg,7
37713.jpg,1
69850.jpg,43
65214.jpg,105
20656.jpg,50
13476.jpg,0
132146.jpg,50
34879.jpg,84
57177.jpg,27
36193.jpg,21
64750.jpg,40
19044.jpg,58
100557.jpg,71
131293.jpg,101
122158.jpg,26
41154.jpg,20
154414.jpg,26
111197.jpg,26
146565.jpg,8
105723.jpg,66
45171.jpg,66
65861.jpg,73
126288.jpg,74
108665.jpg,117
26771.jpg,58
82560.jpg,60
13920.jpg,32
123707.jpg,26
113154.jpg,38
120960.jpg,8
144157.jpg,11
36358.jpg,32
20506.jpg,67
122889.jpg,28
122640.jpg,19
27124.jpg,53
89203.jpg,3
41743.jpg,50
127324.jpg,45
120907.jpg,101
73725.jpg,53
98841.jpg,24
5965.jpg,113
103610.jpg,5
116552.jpg,99
37851.jpg,84
86995.jpg,73
101326.jpg,12
131236.jpg,6
84672.jpg,36
40764.jpg,113
7280.jpg,60
66201.jpg,26
29459.jpg,67
63312.jpg,27
134872.jpg,5
109177.jpg,24
154472.jpg,12
104708.jpg,12
117072.jpg,42
9350.jpg,100
86766.jpg,3
12536.jpg,8
37613.jpg,50
61907.jpg,84
106396.jpg,3
131599.jpg,22
121877.jpg,12
99519.jpg,84
137831.jpg,101
98559.jpg,12
132343.jpg,56
90611.jpg,76
101105.jpg,61
48026.jpg,101
17194.jpg,0
147807.jpg,84
145478.jpg,32
20814.jpg,84
24522.jpg,105
38692.jpg,36
60479.jpg,45
63391.jpg,49
103249.jpg,8
40348.jpg,0
100667.jpg,12
122619.jpg,26
90441.jpg,84
87346.jpg,72
67251.jpg,38
106008.jpg,6
154204.jpg,78
9592.jpg,67
4400.jpg,84
27063.jpg,101
9207.jpg,84
150348.jpg,45
41379.jpg,5
20696.jpg,38
69520.jpg,46
51115.jpg,3
24110.jpg,45
84657.jpg,101
87912.jpg,27
15536.jpg,58
15730.jpg,31
33636.jpg,67
143427.jpg,5
36093.jpg,76
93199.jpg,26
78165.jpg,17
99922.jpg,58
104847.jpg,3
152162.jpg,101
132430.jpg,3
54332.jpg,84
94669.jpg,84
95836.jpg,3
12665.jpg,118
76795.jpg,84
35106.jpg,0
112462.jpg,59
41887.jpg,99
150495.jpg,101
108452.jpg,58
24635.jpg,101
271.jpg,58
52923.jpg,70
113891.jpg,113
19299.jpg,58
77795.jpg,58
80185.jpg,103
147495.jpg,111
26097.jpg,70
24559.jpg,108
2525.jpg,29
59037.jpg,24
139485.jpg,99
61519.jpg,84
124155.jpg,58
115947.jpg,117
157473.jpg,70
45134.jpg,84
44006.jpg,34
84601.jpg,84
13869.jpg,84
43343.jpg,58
77818.jpg,26
89598.jpg,26
17272.jpg,34
57350.jpg,58
58970.jpg,66
152818.jpg,24
97940.jpg,42
6539.jpg,58
115326.jpg,45
149810.jpg,64
147422.jpg,105
22237.jpg,84
24168.jpg,27
110340.jpg,100
116515.jpg,119
39603.jpg,45
17994.jpg,73
5891.jpg,3
33399.jpg,58
47614.jpg,6
134094.jpg,99
27835.jpg,45
134106.jpg,70
150020.jpg,66
12477.jpg,84
6707.jpg,84
92599.jpg,45
144347.jpg,100
135340.jpg,81
35441.jpg,117
99993.jpg,29
26800.jpg,38
13342.jpg,101
191.jpg,39
14611.jpg,5
73411.jpg,36
54543.jpg,43
129834.jpg,113
2517.jpg,32
152622.jpg,84
157355.jpg,99
85491.jpg,99
62251.jpg,58
106297.jpg,12
55084.jpg,101
9842.jpg,101
114786.jpg,36
39234.jpg,0
56903.jpg,58
80031.jpg,12
57061.jpg,113
82552.jpg,84
151086.jpg,84
74118.jpg,11
158045.jpg,3
13404.jpg,105
119940.jpg,72
18992.jpg,11
43592.jpg,36
75214.jpg,12
32163.jpg,103
45619.jpg,26
47705.jpg,67
81374.jpg,27
73657.jpg,26
70783.jpg,26
2106.jpg,45
49483.jpg,3
29772.jpg,42
49793.jpg,89
126181.jpg,31
26384.jpg,113
60289.jpg,81
63031.jpg,66
75920.jpg,93
49772.jpg,70
76488.jpg,53
20018.jpg,101
67777.jpg,34
84693.jpg,101
10122.jpg,63
152864.jpg,21
13174.jpg,45
128066.jpg,42
50108.jpg,70
132844.jpg,58
145579.jpg,49
53657.jpg,84
86456.jpg,24
143830.jpg,32
82153.jpg,99
5499.jpg,8
24734.jpg,32
57413.jpg,99
84134.jpg,24
155615.jpg,58
160699.jpg,58
792.jpg,4
63218.jpg,84
159823.jpg,81
122977.jpg,34
111085.jpg,105
2596.jpg,101
85722.jpg,36
141668.jpg,80
84777.jpg,24
5523.jpg,32
21082.jpg,26
31378.jpg,84
157570.jpg,58
155948.jpg,3
79302.jpg,56
83298.jpg,99
64966.jpg,104
15213.jpg,18
59437.jpg,101
4933.jpg,119
46281.jpg,101
78963.jpg,31
2853.jpg,12
119645.jpg,71
47152.jpg,49
44611.jpg,12
34934.jpg,100
129468.jpg,45
53811.jpg,49
96590.jpg,99
67933.jpg,45
118483.jpg,2
159975.jpg,26
48050.jpg,105
31874.jpg,67
7576.jpg,84
148126.jpg,26
68718.jpg,99
105875.jpg,22
104483.jpg,34
28943.jpg,101
88651.jpg,99
135062.jpg,34
54282.jpg,101
18498.jpg,114
103437.jpg,101
73679.jpg,105
17590.jpg,45
145518.jpg,56
108726.jpg,45
133438.jpg,100
67013.jpg,105
46905.jpg,31
17065.jpg,111
38143.jpg,84
5688.jpg,21
55592.jpg,12
14852.jpg,101
158128.jpg,31
128967.jpg,45
95650.jpg,58
45751.jpg,101
98167.jpg,94
113399.jpg,27
141835.jpg,3
17639.jpg,113
120935.jpg,42
147078.jpg,101
135090.jpg,1
70912.jpg,84
151195.jpg,21
132369.jpg,105
24119.jpg,26
149639.jpg,105
106003.jpg,45
76110.jpg,105
65130.jpg,84
30291.jpg,67
98975.jpg,18
111390.jpg,101
85258.jpg,32
58640.jpg,81
59343.jpg,103
107285.jpg,113
1308.jpg,84
35067.jpg,99
116184.jpg,93
99843.jpg,84
11611.jpg,99
111989.jpg,12
125260.jpg,117
7230.jpg,26
116219.jpg,26
97653.jpg,101
81996.jpg,105
159583.jpg,101
33395.jpg,84
11621.jpg,61
635.jpg,101
112597.jpg,21
126765.jpg,99
3798.jpg,45
17957.jpg,59
73292.jpg,84
88399.jpg,94
112680.jpg,99
87079.jpg,78
87677.jpg,99
74231.jpg,58
131816.jpg,46
65055.jpg,26
82100.jpg,58
60725.jpg,26
47311.jpg,101
83374.jpg,6
135078.jpg,3
42462.jpg,22
60738.jpg,84
28634.jpg,45
70680.jpg,0
72029.jpg,105
59578.jpg,48
93586.jpg,70
133918.jpg,101
130975.jpg,84
30093.jpg,92
67972.jpg,101
67848.jpg,117
38882.jpg,84
77523.jpg,84
109718.jpg,84
125974.jpg,36
3432.jpg,105
40666.jpg,84
126612.jpg,32
12276.jpg,22
83084.jpg,45
1645.jpg,32
47497.jpg,84
20177.jpg,58
60144.jpg,101
124961.jpg,12
49729.jpg,58
72180.jpg,6
6917.jpg,70
8959.jpg,32
21298.jpg,6
71689.jpg,100
85872.jpg,114
18944.jpg,73
282.jpg,32
76197.jpg,101
63241.jpg,26
154575.jpg,70
100323.jpg,84
60097.jpg,72
85139.jpg,101
31119.jpg,118
36821.jpg,21
82755.jpg,3
121026.jpg,3
153586.jpg,100
54004.jpg,26
96779.jpg,73
124698.jpg,28
49338.jpg,101
50200.jpg,3
63766.jpg,99
16989.jpg,66
154470.jpg,117
46480.jpg,35
151589.jpg,12
23930.jpg,101
146906.jpg,32
32952.jpg,84
151106.jpg,58
10687.jpg,70
80317.jpg,24
20600.jpg,25
136044.jpg,73
32010.jpg,26
114921.jpg,70
97934.jpg,49
120774.jpg,45
131227.jpg,61
19977.jpg,80
28261.jpg,58
67948.jpg,101
110489.jpg,1
80232.jpg,84
34677.jpg,61
139289.jpg,5
152368.jpg,45
123963.jpg,4
12911.jpg,94
120687.jpg,3
140524.jpg,43
88739.jpg,4
137713.jpg,114
155543.jpg,3
151982.jpg,119
3186.jpg,74
136133.jpg,26
70706.jpg,26
142181.jpg,58
67866.jpg,12
95553.jpg,84
72505.jpg,103
35499.jpg,28
83846.jpg,101
24742.jpg,5
157274.jpg,3
46585.jpg,36
126252.jpg,105
91924.jpg,32
34194.jpg,119
11076.jpg,84
48652.jpg,101
148411.jpg,12
17283.jpg,21
23499.jpg,45
104126.jpg,101
57055.jpg,1
105944.jpg,103
124933.jpg,110
96777.jpg,5
63285.jpg,116
71223.jpg,114
4270.jpg,84
42810.jpg,67
68341.jpg,3
61906.jpg,58
75375.jpg,84
109077.jpg,99
83408.jpg,67
146538.jpg,81
4380.jpg,64
148717.jpg,58
146818.jpg,101
8303.jpg,50
152587.jpg,49
111945.jpg,73
78888.jpg,27
160179.jpg,32
108457.jpg,45
89810.jpg,105
56499.jpg,53
142568.jpg,101
16888.jpg,58
136171.jpg,84
35578.jpg,99
103860.jpg,60
123674.jpg,100
42209.jpg,105
80515.jpg,27
132714.jpg,12
152198.jpg,27
53048.jpg,27
92065.jpg,20
80438.jpg,45
52215.jpg,0
54644.jpg,21
115638.jpg,43
152490.jpg,42
133132.jpg,84
106047.jpg,60
15034.jpg,27
143430.jpg,27
95830.jpg,12
60916.jpg,21
55835.jpg,58
26508.jpg,99
21717.jpg,117
50948.jpg,84
35456.jpg,58
137716.jpg,45
105781.jpg,26
20716.jpg,101
134525.jpg,26
53819.jpg,12
69378.jpg,12
1438.jpg,97
98723.jpg,49
57000.jpg,12
140968.jpg,101
103067.jpg,27
56522.jpg,12
158562.jpg,4
97360.jpg,66
66560.jpg,101
131031.jpg,105
100181.jpg,45
12407.jpg,3
95414.jpg,45
65105.jpg,70
9455.jpg,3
146543.jpg,101
90307.jpg,58
58259.jpg,58
143217.jpg,99
99951.jpg,84
98772.jpg,58
35068.jpg,117
74423.jpg,84
31107.jpg,56
56632.jpg,45
51278.jpg,73
109241.jpg,84
34447.jpg,3
147091.jpg,5
1626.jpg,45
49013.jpg,84
63396.jpg,12
4446.jpg,26
153166.jpg,6
97106.jpg,26
27250.jpg,58
22726.jpg,114
40558.jpg,34
18848.jpg,12
39023.jpg,117
97465.jpg,34
155750.jpg,117
67120.jpg,84
129069.jpg,45
144798.jpg,84
104227.jpg,38
49098.jpg,66
97851.jpg,14
4.jpg,34
92133.jpg,58
67874.jpg,12
4521.jpg,7
91813.jpg,101
145665.jpg,26
135251.jpg,109
19771.jpg,101
130753.jpg,84
95169.jpg,4
54675.jpg,6
51911.jpg,18
41256.jpg,12
133154.jpg,22
43287.jpg,112
119258.jpg,59
119616.jpg,45
90715.jpg,17
65386.jpg,101
64705.jpg,99
85028.jpg,84
64108.jpg,6
121665.jpg,26
137416.jpg,6
117084.jpg,101
43463.jpg,45
14549.jpg,8
56996.jpg,58
74949.jpg,105
148422.jpg,8
140977.jpg,67
104910.jpg,38
26647.jpg,45
29031.jpg,0
68257.jpg,113
65620.jpg,12
19983.jpg,24
147060.jpg,3
112263.jpg,26
128652.jpg,113
129965.jpg,105
118691.jpg,22
158893.jpg,76
122755.jpg,73
113098.jpg,100
105041.jpg,26
117268.jpg,1
118110.jpg,11
39260.jpg,34
153192.jpg,8
7513.jpg,56
23734.jpg,84
43490.jpg,101
53359.jpg,43
138696.jpg,56
157685.jpg,84
47809.jpg,84
123747.jpg,94
131734.jpg,32
138297.jpg,12
78510.jpg,84
82385.jpg,114
121139.jpg,119
122765.jpg,3
104032.jpg,67
103014.jpg,1
132221.jpg,99
75707.jpg,101
156763.jpg,3
38136.jpg,1
22509.jpg,84
52555.jpg,73
14983.jpg,45
139880.jpg,72
45989.jpg,8
131254.jpg,26
76537.jpg,45
146121.jpg,117
80165.jpg,11
94863.jpg,84
80703.jpg,58
44716.jpg,45
75807.jpg,117
85651.jpg,99
30936.jpg,84
158268.jpg,61
72960.jpg,42
151005.jpg,26
61424.jpg,70
27682.jpg,3
25637.jpg,58
117427.jpg,0
122810.jpg,63
26747.jpg,111
16683.jpg,58
68069.jpg,32
139959.jpg,119
25317.jpg,56
156548.jpg,32
149349.jpg,0
12919.jpg,22
94693.jpg,32
28632.jpg,58
105946.jpg,49
26502.jpg,99
152686.jpg,101
95549.jpg,29
62821.jpg,84
124396.jpg,101
20403.jpg,84
125258.jpg,99
137641.jpg,46
82977.jpg,34
108353.jpg,72
111080.jpg,115
27079.jpg,70
154843.jpg,81
36951.jpg,70
140813.jpg,12
65375.jpg,100
94728.jpg,99
152074.jpg,58
117835.jpg,22
130858.jpg,105
91488.jpg,45
153890.jpg,11
119873.jpg,3
23792.jpg,99
142178.jpg,45
40940.jpg,84
24368.jpg,84
125050.jpg,21
8585.jpg,58
34932.jpg,45
75088.jpg,3
65619.jpg,105
43870.jpg,12
35780.jpg,116
90350.jpg,49
116875.jpg,12
153168.jpg,3
29632.jpg,21
131018.jpg,69
28611.jpg,101
158087.jpg,36
68499.jpg,101
33868.jpg,58
83147.jpg,67
48632.jpg,99
10692.jpg,26
50880.jpg,67
138613.jpg,45
138713.jpg,45
44806.jpg,26
23661.jpg,101
8156.jpg,21
6689.jpg,119
35504.jpg,34
45264.jpg,26
137206.jpg,5
25556.jpg,84
158664.jpg,101
1364.jpg,101
39585.jpg,101
123448.jpg,100
33221.jpg,19
45136.jpg,59
39046.jpg,94
116728.jpg,99
152812.jpg,94
29330.jpg,80
130614.jpg,101
131762.jpg,84
146845.jpg,109
91319.jpg,119
138512.jpg,103
69175.jpg,70
139842.jpg,70
30363.jpg,94
26533.jpg,12
104747.jpg,46
46411.jpg,24
141086.jpg,58
149861.jpg,101
38156.jpg,45
9609.jpg,43
21816.jpg,43
4294.jpg,78
141527.jpg,5
1015.jpg,101
108962.jpg,101
2707.jpg,58
25522.jpg,38
130107.jpg,5
37398.jpg,3
83018.jpg,101
112066.jpg,58
140741.jpg,105
45563.jpg,26
141740.jpg,58
9090.jpg,84
119177.jpg,32
53623.jpg,101
107739.jpg,12
116763.jpg,8
94234.jpg,84
72681.jpg,6
73440.jpg,101
88521.jpg,58
73640.jpg,23
20359.jpg,26
57129.jpg,50
96709.jpg,101
72468.jpg,45
135095.jpg,99
76635.jpg,94
88055.jpg,61
140672.jpg,74
82877.jpg,70
23456.jpg,6
106256.jpg,101
34450.jpg,84
57967.jpg,84
121967.jpg,73
158729.jpg,23
50172.jpg,58
128446.jpg,84
7025.jpg,101
36085.jpg,29
2737.jpg,58
68550.jpg,84
7268.jpg,0
81723.jpg,26
10631.jpg,84
64612.jpg,67
33034.jpg,4
133178.jpg,101
50753.jpg,116
50423.jpg,22
137645.jpg,70
47235.jpg,61
139640.jpg,26
112685.jpg,27
92908.jpg,99
24624.jpg,113
147697.jpg,34
131482.jpg,58
72027.jpg,45
113378.jpg,101
15274.jpg,101
150784.jpg,101
120192.jpg,53
27466.jpg,58
126030.jpg,101
64806.jpg,22
90685.jpg,34
59714.jpg,84
60138.jpg,18
151790.jpg,34
109568.jpg,45
46050.jpg,32
45737.jpg,84
54425.jpg,12
36739.jpg,101
156895.jpg,11
72207.jpg,45
71749.jpg,27
93390.jpg,3
24780.jpg,101
121156.jpg,101
60049.jpg,27
57403.jpg,3
107684.jpg,81
124511.jpg,101
108660.jpg,43
19783.jpg,45
65786.jpg,58
9041.jpg,45
16531.jpg,99
88299.jpg,21
159832.jpg,117
97487.jpg,56
92298.jpg,84
5366.jpg,53
17442.jpg,45
115031.jpg,32
130348.jpg,32
72976.jpg,70
11100.jpg,45
75808.jpg,67
26215.jpg,3
105537.jpg,58
116561.jpg,58
51113.jpg,78
35191.jpg,101
77515.jpg,112
41987.jpg,11
118385.jpg,74
146254.jpg,101
154593.jpg,26
52886.jpg,117
53747.jpg,84
70508.jpg,26
157343.jpg,45
107849.jpg,101
71522.jpg,99
113013.jpg,84
65637.jpg,67
88403.jpg,59
38424.jpg,6
43817.jpg,101
15630.jpg,34
76597.jpg,12
68593.jpg,49
64451.jpg,6
59571.jpg,45
108136.jpg,5
131825.jpg,67
614.jpg,99
100525.jpg,20
11763.jpg,103
160270.jpg,32
160117.jpg,6
126505.jpg,70
65465.jpg,24
37994.jpg,100
27393.jpg,84
34671.jpg,113
153394.jpg,12
5616.jpg,2
140032.jpg,11
132413.jpg,46
77395.jpg,26
46973.jpg,5
33182.jpg,46
81321.jpg,118
20411.jpg,5
52424.jpg,28
138964.jpg,115
150246.jpg,32
57353.jpg,117
112333.jpg,32
22541.jpg,81
135701.jpg,49
144088.jpg,53
63666.jpg,67
66230.jpg,99
12922.jpg,45
14937.jpg,94
33325.jpg,20
57053.jpg,94
143973.jpg,84
108621.jpg,64
78697.jpg,12
45613.jpg,12
30396.jpg,23
16442.jpg,14
152413.jpg,58
93340.jpg,117
60559.jpg,99
71983.jpg,26
113780.jpg,12
157228.jpg,16
1363.jpg,58
80897.jpg,70
62161.jpg,89
100928.jpg,29
46769.jpg,3
78915.jpg,5
129453.jpg,43
127505.jpg,8
12018.jpg,3
79973.jpg,12
80866.jpg,58
131719.jpg,84
157396.jpg,22
95234.jpg,45
75119.jpg,119
92450.jpg,101
74872.jpg,67
118085.jpg,12
62675.jpg,117
112887.jpg,99
151264.jpg,3
96854.jpg,21
13807.jpg,70
126861.jpg,67
159005.jpg,21
94983.jpg,84
147553.jpg,101
39267.jpg,101
42628.jpg,101
44146.jpg,27
26078.jpg,58
153169.jpg,45
144646.jpg,66
108500.jpg,99
60995.jpg,84
103236.jpg,54
97393.jpg,58
75584.jpg,114
22527.jpg,58
156698.jpg,100
62111.jpg,26
27015.jpg,114
37871.jpg,31
147434.jpg,84
106166.jpg,84
92273.jpg,113
14689.jpg,76
106366.jpg,45
147217.jpg,12
34547.jpg,0
104544.jpg,119
30839.jpg,67
17554.jpg,101
1225.jpg,3
66220.jpg,105
4668.jpg,1
155570.jpg,58
125797.jpg,12
133026.jpg,34
128457.jpg,84
96868.jpg,12
76908.jpg,50
145571.jpg,56
149131.jpg,28
142306.jpg,84
122225.jpg,101
72506.jpg,43
71088.jpg,117
155929.jpg,42
33081.jpg,32
26373.jpg,28
128115.jpg,4
84208.jpg,31
28141.jpg,7
126847.jpg,48
52250.jpg,61
62414.jpg,119
1863.jpg,12
29042.jpg,99
155225.jpg,84
126447.jpg,3
20741.jpg,101
129702.jpg,9
126880.jpg,88
10235.jpg,27
73879.jpg,67
41208.jpg,34
47741.jpg,31
86120.jpg,70
150117.jpg,113
52318.jpg,3
54457.jpg,43
76710.jpg,32
143018.jpg,12
98675.jpg,3
21219.jpg,22
157001.jpg,70
10512.jpg,24
74662.jpg,99
84579.jpg,4
151944.jpg,99
125226.jpg,3
153088.jpg,36
134534.jpg,1
147891.jpg,26
74112.jpg,26
84733.jpg,60
84979.jpg,49
23527.jpg,94
145899.jpg,105
140187.jpg,4
111165.jpg,117
57243.jpg,101
145495.jpg,70
58213.jpg,84
134664.jpg,101
113836.jpg,84
19664.jpg,45
35763.jpg,8
146127.jpg,105
32505.jpg,84
129749.jpg,101
95563.jpg,34
132805.jpg,26
97880.jpg,45
90592.jpg,32
5207.jpg,101
54646.jpg,105
107258.jpg,105
16253.jpg,101
137117.jpg,58
23915.jpg,113
20063.jpg,113
9591.jpg,34
144786.jpg,101
13575.jpg,99
141191.jpg,105
78332.jpg,42
98353.jpg,113
46517.jpg,101
45490.jpg,58
129894.jpg,100
132294.jpg,3
31929.jpg,49
83910.jpg,43
137274.jpg,58
99740.jpg,61
119293.jpg,111
101624.jpg,3
99313.jpg,32
148434.jpg,25
26995.jpg,12
11960.jpg,27
62715.jpg,53
150248.jpg,5
150775.jpg,84
46568.jpg,31
82548.jpg,101
67859.jpg,101
177.jpg,56
3930.jpg,60
41950.jpg,58
115305.jpg,21
22682.jpg,74
64502.jpg,3
11534.jpg,67
44129.jpg,84
13912.jpg,84
47034.jpg,100
69645.jpg,101
39541.jpg,117
42134.jpg,56
34579.jpg,27
37193.jpg,105
33256.jpg,67
65297.jpg,8
860.jpg,101
57603.jpg,67
121620.jpg,101
27798.jpg,70
6574.jpg,26
147942.jpg,114
69761.jpg,71
6423.jpg,34
68264.jpg,117
69890.jpg,101
108109.jpg,84
42105.jpg,8
30441.jpg,67
125118.jpg,101
127417.jpg,105
160720.jpg,49
141757.jpg,12
43738.jpg,24
97723.jpg,12
120097.jpg,11
30957.jpg,84
153972.jpg,58
1600.jpg,101
4848.jpg,58
114949.jpg,72
21560.jpg,24
125299.jpg,26
76183.jpg,101
20427.jpg,117
69661.jpg,117
102387.jpg,34
95868.jpg,58
143026.jpg,84
76948.jpg,61
141021.jpg,84
55470.jpg,43
139761.jpg,5
111290.jpg,46
47416.jpg,53
97764.jpg,66
124769.jpg,58
139668.jpg,12
90590.jpg,24
9833.jpg,63
25471.jpg,45
98861.jpg,114
6799.jpg,67
35926.jpg,26
96730.jpg,20
59322.jpg,99
131139.jpg,22
69494.jpg,34
141727.jpg,26
18677.jpg,3
98277.jpg,6
62853.jpg,1
113542.jpg,1
720.jpg,50
144081.jpg,114
138654.jpg,12
133142.jpg,59
118349.jpg,12
96331.jpg,31
20724.jpg,92
123235.jpg,70
139221.jpg,76
141411.jpg,29
64152.jpg,45
37175.jpg,53
67775.jpg,53
3872.jpg,58
39886.jpg,113
74133.jpg,31
45540.jpg,18
160366.jpg,45
13138.jpg,105
14810.jpg,85
23568.jpg,45
54871.jpg,117
1081.jpg,8
135039.jpg,84
73698.jpg,26
139078.jpg,34
82663.jpg,84
53275.jpg,12
81244.jpg,71
130583.jpg,99
139230.jpg,101
54708.jpg,81
112047.jpg,32
56479.jpg,26
82991.jpg,84
155311.jpg,105
80458.jpg,22
83526.jpg,112
139536.jpg,117
25490.jpg,26
149334.jpg,99
144042.jpg,53
37063.jpg,21
134370.jpg,84
41497.jpg,3
145819.jpg,3
104886.jpg,58
136247.jpg,51
146122.jpg,67
111918.jpg,42
94975.jpg,45
111081.jpg,36
151788.jpg,55
17122.jpg,101
26933.jpg,20
100422.jpg,5
139154.jpg,54
76772.jpg,101
21767.jpg,34
39125.jpg,2
116079.jpg,110
140844.jpg,17
107555.jpg,8
106875.jpg,99
17050.jpg,84
159113.jpg,99
99072.jpg,113
307.jpg,56
118016.jpg,3
53216.jpg,5
20205.jpg,101
6806.jpg,34
146302.jpg,42
95524.jpg,34
44375.jpg,56
87311.jpg,114
123142.jpg,22
12153.jpg,101
92415.jpg,99
122298.jpg,26
97208.jpg,24
56766.jpg,67
24474.jpg,32
143975.jpg,26
42293.jpg,21
27210.jpg,60
39756.jpg,32
57368.jpg,113
130561.jpg,113
35958.jpg,43
80896.jpg,45
100516.jpg,117
159001.jpg,31
60130.jpg,105
91683.jpg,12
122309.jpg,3
135666.jpg,43
149381.jpg,12
8520.jpg,12
130057.jpg,118
134618.jpg,58
7532.jpg,32
71342.jpg,5
22483.jpg,24
3670.jpg,58
121051.jpg,5
91484.jpg,58
60477.jpg,58
117954.jpg,49
108260.jpg,70
5945.jpg,38
148806.jpg,61
110401.jpg,5
53491.jpg,111
144771.jpg,50
44882.jpg,26
112315.jpg,45
3388.jpg,5
110408.jpg,22
67541.jpg,58
60110.jpg,105
90980.jpg,101
81261.jpg,26
89252.jpg,1
106000.jpg,111
58967.jpg,45
136503.jpg,101
49001.jpg,99
3963.jpg,24
47019.jpg,12
69285.jpg,100
26765.jpg,8
141274.jpg,12
133613.jpg,27
76303.jpg,26
24292.jpg,119
41317.jpg,26
110382.jpg,32
127646.jpg,76
101342.jpg,8
22238.jpg,16
110084.jpg,101
128080.jpg,70
92509.jpg,84
158879.jpg,34
152546.jpg,73
9459.jpg,45
77716.jpg,105
145356.jpg,56
29419.jpg,64
67607.jpg,12
77565.jpg,99
99481.jpg,81
41127.jpg,34
50131.jpg,84
126919.jpg,35
118851.jpg,81
153207.jpg,26
34924.jpg,105
145151.jpg,36
96960.jpg,89
69344.jpg,113
51361.jpg,45
49681.jpg,105
110808.jpg,84
49027.jpg,99
101575.jpg,22
125528.jpg,37
122332.jpg,58
157619.jpg,45
8856.jpg,12
93002.jpg,31
32177.jpg,84
147503.jpg,1
72447.jpg,99
5314.jpg,45
135530.jpg,58
131610.jpg,8
122307.jpg,58
83685.jpg,12
1937.jpg,67
66526.jpg,58
64819.jpg,117
137662.jpg,0
20121.jpg,11
149897.jpg,101
47405.jpg,53
58545.jpg,100
92287.jpg,42
64407.jpg,117
16503.jpg,70
3272.jpg,45
55351.jpg,58
22584.jpg,22
95758.jpg,21
118266.jpg,58
103302.jpg,100
118003.jpg,34
56173.jpg,105
106752.jpg,58
137002.jpg,5
103046.jpg,27
110777.jpg,84
21404.jpg,49
133954.jpg,68
103285.jpg,27
66002.jpg,84
57071.jpg,58
1698.jpg,101
96758.jpg,105
159631.jpg,101
47963.jpg,73
158890.jpg,99
49638.jpg,26
103702.jpg,45
129597.jpg,76
97893.jpg,31
110416.jpg,43
60760.jpg,0
21720.jpg,81
67526.jpg,101
86962.jpg,1
121864.jpg,58
13267.jpg,101
158366.jpg,58
101219.jpg,58
141545.jpg,3
93505.jpg,24
83372.jpg,49
101082.jpg,8
95954.jpg,101
136757.jpg,26
26613.jpg,34
130664.jpg,105
64356.jpg,58
42901.jpg,72
67127.jpg,11
78136.jpg,111
115273.jpg,34
27330.jpg,32
81272.jpg,27
123729.jpg,24
119877.jpg,45
101361.jpg,45
120254.jpg,58
62273.jpg,84
18742.jpg,58
25048.jpg,107
102950.jpg,101
78523.jpg,12
141534.jpg,58
8941.jpg,58
156796.jpg,59
157019.jpg,12
122865.jpg,113
139012.jpg,88
95557.jpg,93
143845.jpg,78
152722.jpg,114
15227.jpg,61
1754.jpg,117
18574.jpg,64
54833.jpg,93
4011.jpg,58
13096.jpg,45
14078.jpg,34
76458.jpg,99
4803.jpg,3
99871.jpg,119
77653.jpg,101
123486.jpg,78
82754.jpg,58
44930.jpg,58
50253.jpg,58
159099.jpg,34
4057.jpg,34
8160.jpg,74
99971.jpg,45
34913.jpg,105
40023.jpg,101
62388.jpg,12
58475.jpg,12
60552.jpg,58
9448.jpg,32
110559.jpg,8
44459.jpg,12
59677.jpg,58
31386.jpg,101
155457.jpg,84
35186.jpg,3
40849.jpg,53
49432.jpg,49
50924.jpg,31
21373.jpg,49
44856.jpg,12
122123.jpg,117
68204.jpg,61
24913.jpg,49
70842.jpg,12
104629.jpg,3
44094.jpg,43
94750.jpg,36
91082.jpg,26
78824.jpg,58
9491.jpg,84
116445.jpg,5
151694.jpg,101
37301.jpg,101
37314.jpg,26
88485.jpg,72
22607.jpg,45
144821.jpg,45
42301.jpg,27
75506.jpg,26
87697.jpg,31
124215.jpg,84
109058.jpg,105
73294.jpg,12
83590.jpg,12
30769.jpg,52
93494.jpg,58
92671.jpg,27
50219.jpg,34
157932.jpg,70
18465.jpg,58
124523.jpg,26
1745.jpg,3
133706.jpg,0
102260.jpg,45
132254.jpg,34
19907.jpg,117
65494.jpg,58
37732.jpg,1
61567.jpg,78
66398.jpg,84
30641.jpg,27
119492.jpg,117
155744.jpg,84
59244.jpg,68
105467.jpg,46
120990.jpg,84
89006.jpg,84
143064.jpg,117
105471.jpg,18
56220.jpg,0
43896.jpg,34
109948.jpg,29
124595.jpg,32
144888.jpg,58
74205.jpg,117
1367.jpg,78
86045.jpg,84
122979.jpg,36
16632.jpg,58
137061.jpg,32
140469.jpg,84
112629.jpg,81
94016.jpg,27
57338.jpg,28
11767.jpg,36
72978.jpg,99
9913.jpg,8
75777.jpg,0
59024.jpg,34
124881.jpg,94
75045.jpg,101
125518.jpg,99
145193.jpg,61
49500.jpg,45
23012.jpg,20
54829.jpg,49
69338.jpg,101
131507.jpg,113
52969.jpg,37
5671.jpg,58
23578.jpg,34
134901.jpg,58
111700.jpg,1
26390.jpg,101
47900.jpg,45
37420.jpg,119
56797.jpg,3
111699.jpg,42
127113.jpg,31
137045.jpg,64
74430.jpg,3
36040.jpg,117
5080.jpg,49
44408.jpg,113
49510.jpg,84
13772.jpg,46
23311.jpg,58
159372.jpg,58
13446.jpg,84
158625.jpg,42
149918.jpg,11
29477.jpg,49
141408.jpg,3
118536.jpg,113
95976.jpg,32
54480.jpg,118
98467.jpg,58
149697.jpg,27
94089.jpg,119
159487.jpg,67
47546.jpg,43
134661.jpg,70
76765.jpg,58
80020.jpg,26
68687.jpg,21
414.jpg,12
136844.jpg,84
37257.jpg,70
65728.jpg,76
61616.jpg,101
103037.jpg,49
63154.jpg,0
29711.jpg,58
74374.jpg,84
67899.jpg,74
39657.jpg,45
124373.jpg,58
35.jpg,42
15829.jpg,105
104364.jpg,58
76470.jpg,28
109561.jpg,12
29068.jpg,113
63952.jpg,84
7590.jpg,118
1143.jpg,56
63348.jpg,28
75682.jpg,5
143170.jpg,58
86584.jpg,84
119862.jpg,101
51065.jpg,58
101573.jpg,34
39862.jpg,58
62801.jpg,27
81117.jpg,34
22390.jpg,87
2344.jpg,53
110490.jpg,32
6481.jpg,85
22220.jpg,84
16229.jpg,8
145871.jpg,113
159771.jpg,118
73432.jpg,26
106051.jpg,27
121568.jpg,45
141384.jpg,101
125555.jpg,84
137084.jpg,70
86205.jpg,105
91444.jpg,16
1585.jpg,100
75426.jpg,58
48172.jpg,56
85827.jpg,99
128644.jpg,12
100903.jpg,58
17330.jpg,108
106227.jpg,0
57378.jpg,105
160203.jpg,16
123884.jpg,94
98707.jpg,32
18896.jpg,84
155897.jpg,8
42437.jpg,117
152878.jpg,84
114792.jpg,45
7456.jpg,12
133393.jpg,12
100545.jpg,100
16438.jpg,24
91375.jpg,24
54044.jpg,24
5189.jpg,12
6383.jpg,12
47533.jpg,34
82772.jpg,101
75996.jpg,35
138635.jpg,26
138057.jpg,8
45143.jpg,117
72263.jpg,0
158858.jpg,38
160666.jpg,58
28271.jpg,18
102205.jpg,101
32930.jpg,50
157481.jpg,26
134748.jpg,45
77944.jpg,58
70660.jpg,99
27799.jpg,67
19386.jpg,58
151022.jpg,45
94672.jpg,105
74242.jpg,49
58431.jpg,58
26327.jpg,39
86868.jpg,58
81977.jpg,42
33409.jpg,105
109001.jpg,26
77972.jpg,39
56288.jpg,12
85578.jpg,84
12584.jpg,105
63181.jpg,101
78217.jpg,6
104411.jpg,84
88951.jpg,45
53109.jpg,117
113307.jpg,74
12770.jpg,24
15469.jpg,56
74508.jpg,12
78943.jpg,84
105306.jpg,67
74135.jpg,117
15422.jpg,101
124421.jpg,84
137342.jpg,93
72337.jpg,31
41876.jpg,105
129661.jpg,6
87037.jpg,53
88001.jpg,12
82568.jpg,53
39701.jpg,26
160195.jpg,27
33455.jpg,3
16490.jpg,45
97228.jpg,74
27159.jpg,81
85746.jpg,81
36467.jpg,18
86990.jpg,12
113507.jpg,99
126052.jpg,105
43321.jpg,6
81122.jpg,34
120207.jpg,72
41186.jpg,37
71609.jpg,32
3027.jpg,45
149130.jpg,12
60258.jpg,117
77388.jpg,26
115005.jpg,54
149714.jpg,93
68560.jpg,84
4277.jpg,59
137119.jpg,58
121515.jpg,101
72655.jpg,101
69528.jpg,111
105374.jpg,32
117340.jpg,12
124035.jpg,12
128402.jpg,84
22477.jpg,51
148069.jpg,53
155666.jpg,119
5586.jpg,105
85096.jpg,84
76519.jpg,99
9696.jpg,42
160221.jpg,105
124986.jpg,103
86898.jpg,12
84322.jpg,100
11826.jpg,84
140697.jpg,101
102022.jpg,84
116038.jpg,94
158078.jpg,84
3609.jpg,34
44899.jpg,84
14614.jpg,34
113405.jpg,12
76964.jpg,58
20207.jpg,63
51170.jpg,12
110726.jpg,24
53851.jpg,117
99811.jpg,1
119530.jpg,67
143218.jpg,26
48420.jpg,84
127039.jpg,53
40540.jpg,101
109793.jpg,12
25102.jpg,3
138422.jpg,111
67568.jpg,101
101612.jpg,25
37461.jpg,113
49464.jpg,26
154237.jpg,4
127468.jpg,105
74668.jpg,101
74663.jpg,11
118881.jpg,114
122653.jpg,101
134786.jpg,73
144281.jpg,16
100219.jpg,119
58590.jpg,58
24438.jpg,26
133594.jpg,58
134984.jpg,101
9481.jpg,53
52288.jpg,84
10963.jpg,101
106577.jpg,58
98888.jpg,45
60029.jpg,28
108629.jpg,29
56074.jpg,49
93815.jpg,46
55000.jpg,84
85924.jpg,26
68152.jpg,58
38861.jpg,16
91977.jpg,28
120791.jpg,101
112349.jpg,24
21546.jpg,105
110668.jpg,5
39351.jpg,84
113056.jpg,45
47545.jpg,105
49721.jpg,58
31593.jpg,12
46821.jpg,34
135434.jpg,94
103658.jpg,101
125840.jpg,99
4584.jpg,3
53154.jpg,70
38218.jpg,53
22193.jpg,94
71719.jpg,12
109295.jpg,58
138981.jpg,58
76707.jpg,12
103775.jpg,24
2500.jpg,70
68229.jpg,45
55327.jpg,58
120870.jpg,99
22392.jpg,78
108778.jpg,58
112578.jpg,5
123113.jpg,99
6413.jpg,84
135776.jpg,5
55767.jpg,66
119452.jpg,117
96129.jpg,42
119635.jpg,70
28492.jpg,66
18451.jpg,61
32167.jpg,12
67852.jpg,22
3042.jpg,3
62983.jpg,45
69465.jpg,45
102959.jpg,92
13025.jpg,58
23394.jpg,67
100248.jpg,73
16014.jpg,105
120462.jpg,111
35614.jpg,3
93757.jpg,5
136218.jpg,26
111857.jpg,22
83726.jpg,3
35434.jpg,26
96510.jpg,117
159866.jpg,101
147810.jpg,34
61363.jpg,36
74467.jpg,12
115587.jpg,12
140337.jpg,84
101853.jpg,45
29375.jpg,40
95484.jpg,3
45718.jpg,26
8833.jpg,99
61298.jpg,67
26291.jpg,58
63779.jpg,101
24352.jpg,36
39828.jpg,101
3357.jpg,45
112399.jpg,84
78721.jpg,45
45162.jpg,12
49277.jpg,12
142822.jpg,84
135003.jpg,12
83882.jpg,99
6188.jpg,101
84353.jpg,84
13247.jpg,45
133678.jpg,46
3240.jpg,8
93082.jpg,101
7949.jpg,117
78268.jpg,80
243.jpg,78
138932.jpg,7
146084.jpg,72
5212.jpg,80
6625.jpg,84
148881.jpg,45
11235.jpg,45
16122.jpg,3
154834.jpg,54
104341.jpg,32
97599.jpg,26
43134.jpg,26
116058.jpg,6
35697.jpg,26
104763.jpg,21
122041.jpg,116
144724.jpg,101
23469.jpg,94
116759.jpg,101
110747.jpg,31
25879.jpg,53
13748.jpg,101
142559.jpg,105
101529.jpg,58
120436.jpg,84
109777.jpg,32
80506.jpg,74
16118.jpg,45
68325.jpg,24
146263.jpg,8
152121.jpg,8
78463.jpg,67
93030.jpg,6
23398.jpg,45
131185.jpg,34
50113.jpg,3
134190.jpg,58
145643.jpg,105
136367.jpg,58
8598.jpg,84
101674.jpg,27
117544.jpg,105
44422.jpg,32
78253.jpg,27
80161.jpg,26
22715.jpg,26
135921.jpg,28
112451.jpg,34
130803.jpg,80
33146.jpg,99
139182.jpg,60
39169.jpg,27
77808.jpg,12
35060.jpg,45
59674.jpg,101
73097.jpg,3
142692.jpg,111
76233.jpg,101
51942.jpg,84
120542.jpg,6
106283.jpg,84
98497.jpg,101
147778.jpg,58
77976.jpg,29
107862.jpg,73
136517.jpg,21
95782.jpg,27
77219.jpg,45
24627.jpg,58
26113.jpg,50
67244.jpg,58
49172.jpg,58
36547.jpg,68
109620.jpg,84
51125.jpg,112
76581.jpg,46
75606.jpg,99
43301.jpg,101
115971.jpg,0
90476.jpg,8
159524.jpg,12
52828.jpg,84
70853.jpg,94
21451.jpg,26
28794.jpg,84
142975.jpg,6
114.jpg,12
35910.jpg,7
124435.jpg,101
58105.jpg,42
133058.jpg,27
98456.jpg,58
136715.jpg,84
149311.jpg,58
22798.jpg,12
157750.jpg,105
66538.jpg,84
35538.jpg,58
77033.jpg,56
29213.jpg,84
59579.jpg,32
20608.jpg,55
128443.jpg,56
110477.jpg,58
41630.jpg,64
131690.jpg,3
2410.jpg,84
8217.jpg,26
69454.jpg,5
99408.jpg,11
61009.jpg,24
66018.jpg,12
20648.jpg,67
140683.jpg,3
76160.jpg,49
92266.jpg,31
137590.jpg,61
57790.jpg,23
132447.jpg,21
92686.jpg,16
68885.jpg,117
30519.jpg,58
112165.jpg,84
134542.jpg,58
52393.jpg,3
67982.jpg,3
151055.jpg,58
28078.jpg,58
11186.jpg,63
107308.jpg,16
102097.jpg,32
37162.jpg,55
118810.jpg,81
134654.jpg,89
89893.jpg,27
19100.jpg,49
72020.jpg,22
132828.jpg,3
26285.jpg,3
40252.jpg,8
125699.jpg,101
38937.jpg,101
30267.jpg,99
34675.jpg,12
10290.jpg,28
84211.jpg,58
57596.jpg,12
131666.jpg,31
75567.jpg,84
18230.jpg,74
90935.jpg,8
20801.jpg,26
153753.jpg,28
24355.jpg,99
40098.jpg,114
136845.jpg,12
45800.jpg,8
88678.jpg,54
610.jpg,6
26227.jpg,119
53735.jpg,70
97809.jpg,24
148256.jpg,118
106729.jpg,84
104225.jpg,26
81386.jpg,117
56149.jpg,58
99081.jpg,45
146067.jpg,101
49951.jpg,84
155282.jpg,58
118954.jpg,84
78839.jpg,113
60585.jpg,70
118919.jpg,58
28054.jpg,26
71818.jpg,49
50524.jpg,61
84169.jpg,58
120620.jpg,22
95340.jpg,84
144196.jpg,93
2033.jpg,12
72848.jpg,84
8210.jpg,58
143298.jpg,101
91429.jpg,99
82973.jpg,43
73084.jpg,117
101420.jpg,101
30057.jpg,70
136950.jpg,12
14075.jpg,45
33718.jpg,94
107440.jpg,5
154131.jpg,45
159797.jpg,70
70986.jpg,8
86992.jpg,101
112752.jpg,21
118607.jpg,3
51610.jpg,31
61631.jpg,67
14965.jpg,45
131639.jpg,1
151590.jpg,26
14042.jpg,12
77270.jpg,118
137646.jpg,105
17906.jpg,56
33882.jpg,81
59779.jpg,89
143351.jpg,61
59804.jpg,117
21849.jpg,119
5244.jpg,87
127088.jpg,45
54322.jpg,58
52292.jpg,81
130193.jpg,89
75394.jpg,12
92004.jpg,67
157209.jpg,102
65759.jpg,70
73838.jpg,26
68462.jpg,101
24955.jpg,99
102545.jpg,22
137187.jpg,8
1608.jpg,0
41102.jpg,104
119290.jpg,26
45802.jpg,53
107006.jpg,3
67845.jpg,12
153666.jpg,101
141223.jpg,36
15655.jpg,105
106853.jpg,101
53.jpg,99
34573.jpg,3
31735.jpg,102
96587.jpg,5
100522.jpg,116
154041.jpg,36
25642.jpg,101
929.jpg,21
138661.jpg,27
92100.jpg,34
45538.jpg,58
94523.jpg,66
435.jpg,8
61673.jpg,84
116573.jpg,105
136704.jpg,67
44569.jpg,12
56070.jpg,16
1744.jpg,99
155033.jpg,36
60484.jpg,53
94331.jpg,84
69418.jpg,26
50310.jpg,6
49421.jpg,50
133215.jpg,101
86307.jpg,12
138979.jpg,34
29140.jpg,54
12704.jpg,94
48314.jpg,99
86820.jpg,12
92480.jpg,45
135926.jpg,94
113042.jpg,101
133219.jpg,58
138810.jpg,37
137347.jpg,43
151417.jpg,21
143782.jpg,101
126708.jpg,0
89297.jpg,32
64210.jpg,21
22844.jpg,58
46764.jpg,70
126594.jpg,58
73912.jpg,0
140366.jpg,84
23861.jpg,12
54254.jpg,101
3981.jpg,84
145186.jpg,1
54629.jpg,84
69834.jpg,28
65090.jpg,1
8859.jpg,84
41744.jpg,101
17625.jpg,12
1620.jpg,58
24007.jpg,81
110784.jpg,36
28977.jpg,27
27135.jpg,0
114239.jpg,45
39150.jpg,34
28652.jpg,58
31191.jpg,58
86151.jpg,101
10355.jpg,32
17351.jpg,101
24142.jpg,22
83840.jpg,60
70154.jpg,32
116170.jpg,105
147844.jpg,34
140592.jpg,11
51405.jpg,99
25840.jpg,56
21743.jpg,112
45290.jpg,58
124251.jpg,84
91047.jpg,58
116984.jpg,84
122152.jpg,73
94922.jpg,20
17709.jpg,46
1090.jpg,21
4280.jpg,48
80642.jpg,89
55288.jpg,84
101292.jpg,94
14141.jpg,27
22364.jpg,5
107060.jpg,12
6914.jpg,53
118177.jpg,78
159321.jpg,101
28401.jpg,18
38083.jpg,42
124568.jpg,12
63562.jpg,3
20780.jpg,70
8861.jpg,94
67511.jpg,12
141130.jpg,29
12534.jpg,26
113392.jpg,101
157264.jpg,93
104200.jpg,117
26348.jpg,58
29228.jpg,12
143921.jpg,58
56446.jpg,8
120275.jpg,53
72675.jpg,36
23573.jpg,24
48359.jpg,21
134175.jpg,34
83548.jpg,45
116540.jpg,81
119486.jpg,67
36229.jpg,26
54647.jpg,22
33439.jpg,34
140132.jpg,5
427.jpg,21
22160.jpg,58
110582.jpg,58
160088.jpg,26
32255.jpg,84
148930.jpg,61
44682.jpg,84
76683.jpg,27
84009.jpg,22
116740.jpg,58
7866.jpg,3
10904.jpg,84
125088.jpg,113
119488.jpg,70
7897.jpg,58
55507.jpg,8
38373.jpg,58
41394.jpg,26
122954.jpg,58
61263.jpg,27
92705.jpg,27
78871.jpg,99
137789.jpg,70
12412.jpg,92
111096.jpg,18
74246.jpg,84
20947.jpg,50
114294.jpg,32
18272.jpg,31
53223.jpg,84
43046.jpg,58
137328.jpg,84
67598.jpg,84
1115.jpg,101
147588.jpg,40
81442.jpg,94
126201.jpg,11
37674.jpg,58
43282.jpg,27
17388.jpg,100
69060.jpg,53
76294.jpg,45
21568.jpg,73
147455.jpg,102
46577.jpg,12
65593.jpg,24
55439.jpg,112
47873.jpg,3
32596.jpg,6
58014.jpg,26
93841.jpg,112
122128.jpg,3
67080.jpg,99
126371.jpg,49
30283.jpg,117
77394.jpg,31
51948.jpg,118
114104.jpg,117
139039.jpg,81
45994.jpg,27
6712.jpg,11
111083.jpg,42
60233.jpg,101
51177.jpg,3
57842.jpg,84
52810.jpg,28
46887.jpg,58
37392.jpg,38
57259.jpg,58
80314.jpg,99
20690.jpg,16
106468.jpg,27
75087.jpg,32
151723.jpg,34
92943.jpg,117
15162.jpg,105
92236.jpg,94
69403.jpg,105
145799.jpg,84
3338.jpg,21
9806.jpg,8
122847.jpg,100
31103.jpg,64
33566.jpg,99
85525.jpg,84
10174.jpg,84
104389.jpg,45
58162.jpg,58
6123.jpg,101
142429.jpg,58
136985.jpg,101
156779.jpg,75
82390.jpg,12
77864.jpg,34
109486.jpg,94
91857.jpg,58
140105.jpg,58
10537.jpg,84
14102.jpg,8
3880.jpg,58
137118.jpg,67
65240.jpg,99
109745.jpg,31
40030.jpg,84
99788.jpg,84
12336.jpg,117
43516.jpg,21
107079.jpg,20
27510.jpg,0
39745.jpg,29
97015.jpg,36
80453.jpg,89
119730.jpg,24
83950.jpg,6
54278.jpg,21
156594.jpg,49
34521.jpg,27
10028.jpg,3
65006.jpg,81
145641.jpg,3
10462.jpg,101
68567.jpg,32
81124.jpg,58
27269.jpg,12
96629.jpg,64
146048.jpg,70
158500.jpg,114
68469.jpg,5
138032.jpg,113
23336.jpg,36
146720.jpg,28
60078.jpg,84
91655.jpg,26
8351.jpg,101
89876.jpg,26
78147.jpg,26
68890.jpg,114
10814.jpg,0
127760.jpg,41
133062.jpg,45
141628.jpg,12
97257.jpg,23
23074.jpg,84
14384.jpg,101
66368.jpg,84
133156.jpg,67
138963.jpg,81
10220.jpg,93
124854.jpg,84
137470.jpg,114
8295.jpg,70
113303.jpg,73
107040.jpg,22
141576.jpg,101
7954.jpg,118
71637.jpg,70
64092.jpg,4
3705.jpg,113
66535.jpg,58
82880.jpg,32
22606.jpg,32
7750.jpg,24
51814.jpg,12
30188.jpg,45
118079.jpg,38
132458.jpg,118
146109.jpg,26
41874.jpg,11
126097.jpg,67
121999.jpg,12
99885.jpg,76
119529.jpg,84
116240.jpg,53
102468.jpg,105
32051.jpg,12
101086.jpg,23
117231.jpg,94
151118.jpg,24
38134.jpg,84
71417.jpg,24
91843.jpg,99
130141.jpg,18
87458.jpg,101
141544.jpg,49
52390.jpg,58
2252.jpg,84
39884.jpg,45
135189.jpg,12
134407.jpg,105
95896.jpg,21
33278.jpg,3
15286.jpg,84
134429.jpg,45
74618.jpg,119
116414.jpg,74
34118.jpg,11
159086.jpg,43
136858.jpg,45
48175.jpg,113
66014.jpg,3
37444.jpg,78
32531.jpg,87
123606.jpg,22
150110.jpg,21
8234.jpg,114
75103.jpg,34
44284.jpg,32
145846.jpg,78
67612.jpg,46
28670.jpg,84
118730.jpg,70
81559.jpg,70
4190.jpg,112
7107.jpg,24
130289.jpg,101
143252.jpg,8
100094.jpg,84
142193.jpg,34
42954.jpg,12
68706.jpg,58
109984.jpg,78
74555.jpg,84
136532.jpg,27
111027.jpg,63
123793.jpg,12
119728.jpg,31
113514.jpg,117
108843.jpg,58
96418.jpg,53
159553.jpg,18
154920.jpg,28
114986.jpg,84
156209.jpg,61
11831.jpg,84
14567.jpg,24
69725.jpg,84
59618.jpg,58
30277.jpg,12
91844.jpg,109
114228.jpg,3
44815.jpg,84
82312.jpg,105
47877.jpg,53
39426.jpg,67
86930.jpg,24
20995.jpg,84
158959.jpg,53
62275.jpg,53
144442.jpg,84
65597.jpg,28
67448.jpg,105
35739.jpg,58
113743.jpg,36
113505.jpg,53
104288.jpg,12
23463.jpg,101
115922.jpg,113
152582.jpg,45
68077.jpg,113
30659.jpg,32
8534.jpg,50
20692.jpg,60
62385.jpg,70
952.jpg,88
26546.jpg,45
83030.jpg,32
16775.jpg,12
125377.jpg,36
20689.jpg,45
121369.jpg,46
143193.jpg,114
121180.jpg,34
25735.jpg,84
60874.jpg,45
131463.jpg,36
147838.jpg,56
153070.jpg,84
88423.jpg,45
95833.jpg,17
159046.jpg,100
155338.jpg,11
40159.jpg,27
60003.jpg,26
30699.jpg,6
108350.jpg,58
59298.jpg,84
95079.jpg,101
107509.jpg,117
42165.jpg,73
53674.jpg,94
89359.jpg,3
94537.jpg,36
47978.jpg,32
126812.jpg,5
4694.jpg,27
119795.jpg,36
130939.jpg,20
56476.jpg,21
22103.jpg,27
4228.jpg,46
143639.jpg,84
97541.jpg,45
79891.jpg,46
143645.jpg,12
95569.jpg,32
88215.jpg,58
143703.jpg,53
121285.jpg,21
27180.jpg,8
94281.jpg,73
106523.jpg,84
23157.jpg,45
62706.jpg,84
121106.jpg,84
153550.jpg,58
106144.jpg,3
10446.jpg,70
54338.jpg,49
55072.jpg,97
50755.jpg,99
102597.jpg,55
25703.jpg,26
34037.jpg,105
87394.jpg,84
32114.jpg,117
29513.jpg,12
98720.jpg,84
156937.jpg,84
664.jpg,12
81771.jpg,88
100397.jpg,61
91589.jpg,58
101310.jpg,72
32083.jpg,117
40364.jpg,84
127942.jpg,99
69103.jpg,73
139319.jpg,69
94446.jpg,112
13052.jpg,26
101620.jpg,16
158236.jpg,119
95667.jpg,5
60705.jpg,45
132422.jpg,34
78664.jpg,114
105568.jpg,117
160618.jpg,99
115149.jpg,84
146645.jpg,105
88213.jpg,76
111196.jpg,12
122304.jpg,8
46033.jpg,105
128268.jpg,105
112548.jpg,99
612.jpg,52
63667.jpg,3
152132.jpg,101
85341.jpg,21
45336.jpg,101
11029.jpg,53
34444.jpg,111
95941.jpg,3
88200.jpg,70
134710.jpg,58
91126.jpg,105
115027.jpg,117
87635.jpg,101
17181.jpg,36
128366.jpg,23
152925.jpg,99
6793.jpg,56
156691.jpg,17
34448.jpg,101
26919.jpg,93
60917.jpg,50
10322.jpg,18
121888.jpg,45
69385.jpg,7
151562.jpg,99
105093.jpg,84
129070.jpg,45
81436.jpg,22
129904.jpg,33
2239.jpg,5
76895.jpg,17
56035.jpg,63
34268.jpg,12
54936.jpg,12
78928.jpg,99
62416.jpg,42
143424.jpg,105
17341.jpg,93
107365.jpg,84
131262.jpg,45
79582.jpg,12
127662.jpg,3
113897.jpg,76
88944.jpg,84
79486.jpg,73
18598.jpg,7
121102.jpg,12
130780.jpg,99
160562.jpg,45
118033.jpg,46
62645.jpg,49
149560.jpg,0
71343.jpg,45
111837.jpg,8
119344.jpg,3
152530.jpg,100
49018.jpg,26
70196.jpg,58
66176.jpg,101
75984.jpg,117
122205.jpg,58
34185.jpg,45
843.jpg,12
60312.jpg,53
79523.jpg,101
147256.jpg,12
23911.jpg,0
116164.jpg,27
58960.jpg,24
72735.jpg,100
42734.jpg,11
12813.jpg,58
142369.jpg,3
77521.jpg,84
122251.jpg,107
83203.jpg,23
123814.jpg,58
73703.jpg,84
111116.jpg,12
57716.jpg,71
37044.jpg,84
75286.jpg,70
7272.jpg,21
147083.jpg,81
47378.jpg,101
92788.jpg,3
64409.jpg,58
68943.jpg,53
5819.jpg,6
46908.jpg,45
152537.jpg,105
54291.jpg,58
12165.jpg,84
88551.jpg,105
115003.jpg,53
3047.jpg,101
131242.jpg,32
29167.jpg,84
74672.jpg,34
50182.jpg,12
115279.jpg,45
93011.jpg,81
100744.jpg,105
85004.jpg,53
74391.jpg,84
72201.jpg,12
149183.jpg,22
115215.jpg,101
66302.jpg,70
16278.jpg,56
3636.jpg,97
47574.jpg,21
141588.jpg,45
133609.jpg,64
107714.jpg,2
1668.jpg,7
12762.jpg,117
10819.jpg,53
1244.jpg,46
79830.jpg,36
131197.jpg,101
125366.jpg,3
24830.jpg,101
50616.jpg,0
159698.jpg,26
16336.jpg,70
139582.jpg,74
141715.jpg,39
77086.jpg,101
65860.jpg,3
148121.jpg,36
154829.jpg,101
138579.jpg,101
8683.jpg,101
55358.jpg,105
154393.jpg,39
19921.jpg,7
65646.jpg,45
114661.jpg,26
47826.jpg,3
94099.jpg,12
39506.jpg,12
44848.jpg,3
33092.jpg,45
39748.jpg,61
22620.jpg,74
95020.jpg,101
42354.jpg,58
149023.jpg,61
160339.jpg,84
130224.jpg,42
118060.jpg,12
15323.jpg,31
114518.jpg,12
133713.jpg,12
124835.jpg,101
141722.jpg,45
56199.jpg,3
110940.jpg,27
158104.jpg,105
104865.jpg,59
102625.jpg,7
89259.jpg,101
124176.jpg,64
150301.jpg,105
12408.jpg,12
75961.jpg,117
100761.jpg,22
126148.jpg,105
4313.jpg,1
76108.jpg,119
137005.jpg,22
15505.jpg,84
39271.jpg,117
60680.jpg,105
103548.jpg,112
134230.jpg,58
91808.jpg,101
154905.jpg,12
87121.jpg,101
139591.jpg,101
56348.jpg,18
73742.jpg,53
44372.jpg,64
35527.jpg,84
103420.jpg,12
111799.jpg,112
2043.jpg,105
70016.jpg,101
18152.jpg,84
12305.jpg,84
90776.jpg,58
121371.jpg,28
78856.jpg,81
24985.jpg,117
93455.jpg,69
85462.jpg,3
151804.jpg,116
28495.jpg,54
76758.jpg,3
50651.jpg,117
125402.jpg,58
9258.jpg,58
123197.jpg,101
29226.jpg,99
133254.jpg,36
151252.jpg,99
8332.jpg,84
37738.jpg,58
57487.jpg,84
95639.jpg,81
97090.jpg,99
138303.jpg,3
158144.jpg,58
4912.jpg,26
77488.jpg,84
115756.jpg,84
37310.jpg,70
128916.jpg,3
34689.jpg,101
25965.jpg,84
128938.jpg,76
135096.jpg,99
37365.jpg,105
45715.jpg,3
29125.jpg,67
102248.jpg,3
58617.jpg,8
72129.jpg,84
90272.jpg,99
83861.jpg,16
128037.jpg,118
113327.jpg,101
52744.jpg,101
151839.jpg,94
94444.jpg,42
31964.jpg,111
28799.jpg,18
81366.jpg,99
39109.jpg,105
51376.jpg,5
122733.jpg,101
54870.jpg,49
75684.jpg,45
100339.jpg,101
152830.jpg,0
114449.jpg,84
73541.jpg,12
24484.jpg,113
118936.jpg,45
143572.jpg,26
49879.jpg,34
75643.jpg,45
148608.jpg,18
31124.jpg,84
20766.jpg,12
98084.jpg,4
14242.jpg,105
20009.jpg,84
58381.jpg,101
129660.jpg,84
70151.jpg,105
57396.jpg,3
140329.jpg,12
140139.jpg,61
9140.jpg,117
32818.jpg,53
45699.jpg,28
124379.jpg,49
79503.jpg,45
50648.jpg,45
67023.jpg,12
122737.jpg,73
39358.jpg,8
101498.jpg,101
22213.jpg,105
116111.jpg,34
160589.jpg,36
38336.jpg,118
55709.jpg,26
114919.jpg,58
35283.jpg,45
56721.jpg,43
119933.jpg,74
48435.jpg,26
44792.jpg,45
138688.jpg,84
121217.jpg,24
35809.jpg,5
13501.jpg,84
144867.jpg,113
25336.jpg,26
139547.jpg,105
62237.jpg,84
93131.jpg,29
11125.jpg,70
77354.jpg,45
106221.jpg,101
140543.jpg,73
41274.jpg,32
151257.jpg,84
146688.jpg,45
35321.jpg,99
16946.jpg,49
49899.jpg,101
135641.jpg,45
146847.jpg,12
128142.jpg,34
33724.jpg,12
131152.jpg,84
57879.jpg,75
93590.jpg,105
25847.jpg,1
133080.jpg,61
125095.jpg,99
64229.jpg,117
10925.jpg,8
28816.jpg,5
157370.jpg,43
130578.jpg,84
53064.jpg,112
136548.jpg,28
96720.jpg,8
31070.jpg,84
9206.jpg,78
138395.jpg,61
54196.jpg,45
47484.jpg,46
45160.jpg,114
45470.jpg,12
18184.jpg,12
111346.jpg,58
43376.jpg,84
73784.jpg,11
34576.jpg,105
96633.jpg,114
12706.jpg,32
107455.jpg,101
53945.jpg,99
153881.jpg,101
125618.jpg,12
80559.jpg,45
84296.jpg,119
156143.jpg,36
123405.jpg,58
98923.jpg,84
620.jpg,101
87373.jpg,58
41733.jpg,0
131549.jpg,101
20388.jpg,3
128470.jpg,5
106402.jpg,60
75129.jpg,58
155049.jpg,100
117846.jpg,99
14408.jpg,112
61808.jpg,84
153366.jpg,99
18513.jpg,8
51825.jpg,81
146678.jpg,101
37124.jpg,6
118526.jpg,100
76250.jpg,80
68162.jpg,99
103027.jpg,84
11835.jpg,26
67687.jpg,58
118074.jpg,58
80096.jpg,101
13652.jpg,58
107900.jpg,22
93145.jpg,53
50144.jpg,12
2492.jpg,101
88681.jpg,112
82299.jpg,1
78240.jpg,70
113136.jpg,5
54552.jpg,70
5156.jpg,58
31415.jpg,112
76431.jpg,70
2656.jpg,12
122912.jpg,58
110080.jpg,70
56612.jpg,45
11119.jpg,105
83315.jpg,12
58636.jpg,81
101708.jpg,4
50198.jpg,12
53808.jpg,8
84668.jpg,56
64149.jpg,84
67661.jpg,43
49402.jpg,84
63535.jpg,67
43263.jpg,45
906.jpg,73
87854.jpg,73
97860.jpg,58
159362.jpg,45
93975.jpg,58
74042.jpg,0
56299.jpg,73
88602.jpg,67
59723.jpg,84
97299.jpg,29
104494.jpg,101
46639.jpg,81
27834.jpg,105
156015.jpg,12
80431.jpg,114
41156.jpg,45
43402.jpg,45
71514.jpg,117
20449.jpg,49
67748.jpg,45
88942.jpg,45
38811.jpg,21
43259.jpg,67
22801.jpg,110
1327.jpg,45
124350.jpg,117
57533.jpg,105
33911.jpg,58
122178.jpg,73
66590.jpg,34
95858.jpg,26
73523.jpg,12
108801.jpg,44
22485.jpg,34
93085.jpg,28
68383.jpg,32
100657.jpg,1
96055.jpg,53
157393.jpg,58
89028.jpg,11
117468.jpg,12
27353.jpg,45
23719.jpg,3
86398.jpg,45
58161.jpg,94
9746.jpg,1
114384.jpg,60
106747.jpg,100
5174.jpg,70
97192.jpg,11
1496.jpg,101
124600.jpg,61
28409.jpg,28
137726.jpg,61
4243.jpg,70
100325.jpg,24
52051.jpg,27
69141.jpg,119
98550.jpg,58
153418.jpg,101
122715.jpg,99
93921.jpg,0
83424.jpg,6
145649.jpg,31
82159.jpg,84
127855.jpg,58
44171.jpg,117
38677.jpg,26
144421.jpg,98
154297.jpg,58
53068.jpg,45
100387.jpg,100
71688.jpg,53
12650.jpg,3
14249.jpg,26
29778.jpg,70
138812.jpg,3
29595.jpg,99
94500.jpg,12
55197.jpg,101
72671.jpg,101
39222.jpg,3
152161.jpg,39
138179.jpg,99
74965.jpg,28
13372.jpg,105
550.jpg,45
58881.jpg,34
17814.jpg,117
147868.jpg,24
6256.jpg,26
154551.jpg,32
37944.jpg,84
30087.jpg,67
123761.jpg,43
76013.jpg,84
10521.jpg,84
104824.jpg,3
17874.jpg,34
42501.jpg,0
87935.jpg,93
40538.jpg,32
129859.jpg,117
79408.jpg,70
33685.jpg,58
96869.jpg,36
98968.jpg,84
149481.jpg,105
26819.jpg,58
152378.jpg,11
4335.jpg,12
33810.jpg,3
67333.jpg,81
133972.jpg,0
13500.jpg,84
136670.jpg,94
61319.jpg,45
12139.jpg,84
33725.jpg,58
15974.jpg,92
70024.jpg,105
10703.jpg,84
147431.jpg,81
152100.jpg,117
117358.jpg,58
6881.jpg,8
38351.jpg,117
109700.jpg,12
95127.jpg,56
6985.jpg,45
46731.jpg,119
126233.jpg,27
81685.jpg,117
159040.jpg,101
85090.jpg,26
59576.jpg,27
45121.jpg,117
50582.jpg,29
46567.jpg,84
31520.jpg,113
96466.jpg,99
58039.jpg,72
108689.jpg,3
80653.jpg,37
64005.jpg,67
77920.jpg,32
29072.jpg,36
37644.jpg,105
154320.jpg,27
52035.jpg,0
3294.jpg,28
121988.jpg,105
45141.jpg,84
46819.jpg,66
63964.jpg,3
6033.jpg,100
78542.jpg,84
35056.jpg,58
29128.jpg,101
4354.jpg,89
74266.jpg,84
100723.jpg,101
91224.jpg,119
95915.jpg,112
10053.jpg,105
108800.jpg,114
153310.jpg,70
118063.jpg,94
34639.jpg,101
15574.jpg,32
109024.jpg,103
44297.jpg,45
100287.jpg,58
140835.jpg,101
15521.jpg,99
119296.jpg,12
40563.jpg,70
46620.jpg,44
94318.jpg,101
35802.jpg,45
9660.jpg,45
5914.jpg,99
77.jpg,61
126479.jpg,45
146078.jpg,63
158073.jpg,58
16658.jpg,36
91502.jpg,1
61969.jpg,118
68893.jpg,67
142805.jpg,94
26612.jpg,58
109527.jpg,27
124965.jpg,94
87567.jpg,101
126632.jpg,101
112252.jpg,36
148620.jpg,26
84392.jpg,26
92402.jpg,16
97807.jpg,58
41558.jpg,66
155005.jpg,1
63390.jpg,99
49076.jpg,36
91849.jpg,117
43421.jpg,24
115106.jpg,12
48730.jpg,45
77872.jpg,99
8858.jpg,26
57453.jpg,26
35035.jpg,1
8256.jpg,40
112429.jpg,119
41760.jpg,3
67548.jpg,12
140634.jpg,11
11152.jpg,26
10494.jpg,109
40791.jpg,61
56396.jpg,117
158513.jpg,26
141259.jpg,112
91158.jpg,87
133134.jpg,99
21645.jpg,22
19506.jpg,24
106406.jpg,26
24941.jpg,101
146810.jpg,28
93320.jpg,58
32128.jpg,84
58370.jpg,42
52084.jpg,45
4800.jpg,70
99583.jpg,105
119809.jpg,101
89055.jpg,34
33015.jpg,18
33634.jpg,58
147197.jpg,53
19543.jpg,101
147414.jpg,45
34458.jpg,117
31439.jpg,119
41306.jpg,113
45818.jpg,93
152496.jpg,0
76923.jpg,27
131792.jpg,12
55190.jpg,76
17110.jpg,8
457.jpg,40
87150.jpg,64
81834.jpg,73
38309.jpg,45
63335.jpg,99
159032.jpg,99
124403.jpg,101
137480.jpg,58
23681.jpg,32
135481.jpg,48
141703.jpg,58
30325.jpg,43
62727.jpg,36
69088.jpg,27
116168.jpg,27
32779.jpg,36
50561.jpg,12
42960.jpg,105
109329.jpg,58
60695.jpg,58
133874.jpg,12
78218.jpg,56
103429.jpg,58
65923.jpg,45
85117.jpg,94
65471.jpg,12
5542.jpg,58
158232.jpg,53
156640.jpg,32
39980.jpg,61
35479.jpg,84
78578.jpg,105
40906.jpg,45
71982.jpg,99
129397.jpg,8
122583.jpg,22
35463.jpg,3
90714.jpg,66
121811.jpg,101
41770.jpg,24
133343.jpg,101
99466.jpg,78
46580.jpg,29
86.jpg,58
22705.jpg,84
56354.jpg,34
82344.jpg,67
37333.jpg,61
6965.jpg,93
138727.jpg,6
125639.jpg,101
9932.jpg,24
98912.jpg,34
56051.jpg,2
69874.jpg,45
100802.jpg,31
148408.jpg,3
157350.jpg,27
68067.jpg,84
67062.jpg,2
135677.jpg,84
64928.jpg,0
126369.jpg,58
104171.jpg,45
86240.jpg,12
101330.jpg,4
30867.jpg,40
150100.jpg,84
13971.jpg,11
55163.jpg,22
62486.jpg,24
34382.jpg,12
65913.jpg,58
28357.jpg,107
114679.jpg,20
142118.jpg,26
4508.jpg,18
1396.jpg,58
16219.jpg,40
91340.jpg,101
45945.jpg,45
24868.jpg,105
25246.jpg,45
1202.jpg,58
52388.jpg,61
3143.jpg,32
72542.jpg,58
55448.jpg,68
70277.jpg,12
149841.jpg,101
58006.jpg,84
53697.jpg,49
113799.jpg,117
125884.jpg,99
91827.jpg,59
86876.jpg,53
40900.jpg,84
157417.jpg,26
104194.jpg,12
94738.jpg,99
100617.jpg,105
2365.jpg,40
76731.jpg,84
15685.jpg,49
68832.jpg,58
90206.jpg,34
99514.jpg,117
87945.jpg,53
110493.jpg,84
139460.jpg,101
40238.jpg,49
92418.jpg,12
81211.jpg,45
153108.jpg,24
156022.jpg,105
117498.jpg,34
81951.jpg,3
158303.jpg,8
87094.jpg,26
25670.jpg,0
85716.jpg,84
17470.jpg,2
101570.jpg,12
129866.jpg,111
12884.jpg,99
44041.jpg,45
118341.jpg,26
136682.jpg,119
153800.jpg,45
159560.jpg,101
130157.jpg,11
35253.jpg,76
32973.jpg,37
58178.jpg,89
149526.jpg,21
28366.jpg,12
18343.jpg,34
62009.jpg,34
25333.jpg,56
40216.jpg,24
147560.jpg,72
15437.jpg,49
57179.jpg,116
90073.jpg,26
93807.jpg,117
128469.jpg,26
116060.jpg,8
64067.jpg,27
30941.jpg,113
100065.jpg,58
139814.jpg,105
94641.jpg,8
109059.jpg,0
26279.jpg,31
14918.jpg,34
138169.jpg,27
9264.jpg,34
84161.jpg,11
24460.jpg,12
69182.jpg,26
123797.jpg,84
89584.jpg,101
112445.jpg,92
35749.jpg,36
87497.jpg,105
138218.jpg,64
94044.jpg,101
39403.jpg,61
76881.jpg,84
27602.jpg,58
143914.jpg,101
141248.jpg,4
128732.jpg,84
118798.jpg,26
155252.jpg,43
124616.jpg,84
82426.jpg,45
89308.jpg,7
34182.jpg,58
112274.jpg,101
143846.jpg,26
80328.jpg,94
30315.jpg,34
146364.jpg,78
108669.jpg,118
113317.jpg,28
16521.jpg,26
130868.jpg,56
44863.jpg,12
19704.jpg,46
116947.jpg,45
38723.jpg,45
137611.jpg,42
126600.jpg,22
76454.jpg,84
79442.jpg,84
102504.jpg,43
92854.jpg,12
92130.jpg,94
41703.jpg,58
1233.jpg,26
42586.jpg,2
122753.jpg,31
54488.jpg,19
129298.jpg,24
155872.jpg,22
137145.jpg,84
133835.jpg,101
25054.jpg,84
127174.jpg,58
42307.jpg,8
7719.jpg,36
157161.jpg,21
108497.jpg,61
116423.jpg,58
39336.jpg,24
61374.jpg,111
95090.jpg,45
34716.jpg,101
87402.jpg,92
77985.jpg,43
87534.jpg,84
149083.jpg,67
10619.jpg,99
147757.jpg,12
98899.jpg,58
22878.jpg,101
131286.jpg,11
72814.jpg,0
79727.jpg,5
135596.jpg,45
112091.jpg,27
96656.jpg,105
72106.jpg,26
89386.jpg,74
97359.jpg,101
6311.jpg,5
146560.jpg,36
10339.jpg,18
152041.jpg,94
49437.jpg,71
127300.jpg,28
49548.jpg,84
147359.jpg,101
48529.jpg,84
130232.jpg,12
75462.jpg,84
126464.jpg,117
147873.jpg,58
116441.jpg,16
87998.jpg,58
8199.jpg,3
100985.jpg,84
11510.jpg,101
13119.jpg,12
88925.jpg,0
69585.jpg,26
120811.jpg,84
101115.jpg,53
34780.jpg,5
30056.jpg,70
119196.jpg,12
64924.jpg,58
14448.jpg,117
108971.jpg,113
130409.jpg,2
47811.jpg,58
35777.jpg,23
32145.jpg,99
38391.jpg,58
49404.jpg,84
61157.jpg,58
30891.jpg,84
121615.jpg,84
105223.jpg,111
21269.jpg,101
151091.jpg,111
45782.jpg,84
74092.jpg,76
154279.jpg,58
102019.jpg,101
37131.jpg,27
63991.jpg,113
22981.jpg,58
145928.jpg,26
12958.jpg,3
23171.jpg,105
32809.jpg,45
55757.jpg,117
139086.jpg,28
140728.jpg,117
123122.jpg,26
68413.jpg,74
55431.jpg,27
47252.jpg,45
77150.jpg,20
122185.jpg,21
155298.jpg,43
111666.jpg,58
52169.jpg,31
68633.jpg,53
147769.jpg,3
156914.jpg,3
146285.jpg,26
69310.jpg,118
39196.jpg,58
43454.jpg,84
17718.jpg,3
4122.jpg,84
35892.jpg,105
30633.jpg,53
131641.jpg,113
147950.jpg,58
148593.jpg,36
158917.jpg,99
129913.jpg,52
54072.jpg,12
96512.jpg,117
94146.jpg,21
76718.jpg,26
95460.jpg,49
135156.jpg,75
41245.jpg,101
121118.jpg,99
125682.jpg,26
81958.jpg,58
61554.jpg,111
96362.jpg,113
30380.jpg,45
15800.jpg,94
94682.jpg,45
13857.jpg,26
138294.jpg,45
73235.jpg,0
123418.jpg,61
153538.jpg,11
61110.jpg,3
149992.jpg,101
149707.jpg,34
14431.jpg,32
28055.jpg,43
95884.jpg,101
55231.jpg,58
127394.jpg,3
71786.jpg,117
35277.jpg,3
116051.jpg,22
130599.jpg,58
39857.jpg,31
101183.jpg,117
75954.jpg,78
65202.jpg,84
106679.jpg,26
15511.jpg,24
53527.jpg,70
52432.jpg,103
160332.jpg,3
42620.jpg,26
111964.jpg,26
92282.jpg,12
64783.jpg,3
106421.jpg,21
144119.jpg,100
46613.jpg,84
121364.jpg,12
69792.jpg,61
86652.jpg,34
80292.jpg,26
150214.jpg,34
72008.jpg,26
151387.jpg,99
15065.jpg,99
11813.jpg,43
111608.jpg,3
96002.jpg,7
151084.jpg,23
143576.jpg,26
91706.jpg,49
118024.jpg,58
150504.jpg,101
254.jpg,3
27724.jpg,94
32699.jpg,3
141142.jpg,45
104000.jpg,26
40122.jpg,99
135487.jpg,45
113163.jpg,26
119972.jpg,117
135192.jpg,32
112663.jpg,100
143443.jpg,111
83396.jpg,32
31007.jpg,84
26051.jpg,12
123316.jpg,21
75197.jpg,49
111587.jpg,58
41264.jpg,3
100070.jpg,28
135887.jpg,27
46729.jpg,117
123427.jpg,26
133554.jpg,26
15702.jpg,94
130531.jpg,45
21145.jpg,45
91714.jpg,0
133542.jpg,43
106909.jpg,28
80354.jpg,102
106703.jpg,105
12599.jpg,119
84437.jpg,67
64878.jpg,35
43717.jpg,12
119643.jpg,84
41729.jpg,45
127912.jpg,45
45205.jpg,50
27408.jpg,26
69255.jpg,0
54577.jpg,26
151300.jpg,5
157707.jpg,58
45190.jpg,11
153276.jpg,45
129457.jpg,0
47050.jpg,58
63378.jpg,5
100995.jpg,70
130837.jpg,26
151912.jpg,21
104791.jpg,45
138844.jpg,99
70618.jpg,73
36350.jpg,84
1492.jpg,93
126681.jpg,49
139166.jpg,24
108688.jpg,67
109978.jpg,32
79914.jpg,24
66255.jpg,7
74464.jpg,67
50440.jpg,50
103225.jpg,12
124385.jpg,7
67600.jpg,58
108936.jpg,36
33951.jpg,11
80817.jpg,1
95659.jpg,93
145349.jpg,84
36389.jpg,32
13510.jpg,49
32865.jpg,34
28353.jpg,5
53728.jpg,45
117701.jpg,84
2112.jpg,74
145638.jpg,0
102175.jpg,105
114761.jpg,12
55091.jpg,118
124093.jpg,12
121000.jpg,20
135888.jpg,101
124909.jpg,0
103077.jpg,8
60152.jpg,58
158862.jpg,12
49237.jpg,22
112895.jpg,11
319.jpg,34
150844.jpg,84
97412.jpg,0
139067.jpg,31
37941.jpg,9
131764.jpg,32
52674.jpg,58
149507.jpg,58
7646.jpg,105
33079.jpg,46
7634.jpg,58
120862.jpg,28
29070.jpg,58
155246.jpg,58
121971.jpg,22
49056.jpg,94
73872.jpg,92
36105.jpg,24
156893.jpg,114
35255.jpg,117
39718.jpg,26
6844.jpg,45
23133.jpg,70
90423.jpg,45
15391.jpg,53
57441.jpg,58
47376.jpg,11
146904.jpg,103
130743.jpg,3
134574.jpg,100
101688.jpg,12
145820.jpg,32
104470.jpg,12
81911.jpg,7
80213.jpg,105
31187.jpg,84
491.jpg,31
80175.jpg,12
58479.jpg,58
10266.jpg,27
151815.jpg,61
106791.jpg,61
120979.jpg,0
125482.jpg,6
43041.jpg,11
27386.jpg,32
152598.jpg,43
6106.jpg,45
18683.jpg,11
7572.jpg,119
127551.jpg,67
89415.jpg,32
27482.jpg,119
142058.jpg,58
114904.jpg,3
63782.jpg,53
63737.jpg,11
53544.jpg,12
135087.jpg,45
67925.jpg,84
141936.jpg,58
7566.jpg,28
38565.jpg,31
69600.jpg,1
141522.jpg,84
23201.jpg,70
119648.jpg,84
87080.jpg,45
21538.jpg,73
146487.jpg,26
49306.jpg,34
160654.jpg,27
46812.jpg,3
122125.jpg,1
50536.jpg,68
117153.jpg,12
89671.jpg,114
67901.jpg,101
54048.jpg,61
136159.jpg,26
28723.jpg,70
106257.jpg,36
94760.jpg,99
37743.jpg,26
1281.jpg,12
52417.jpg,117
86471.jpg,12
58818.jpg,26
109529.jpg,46
64755.jpg,21
145604.jpg,84
81805.jpg,32
79339.jpg,84
86861.jpg,117
69637.jpg,101
38449.jpg,53
20873.jpg,58
141853.jpg,101
3380.jpg,34
127276.jpg,27
99248.jpg,34
159156.jpg,12
45521.jpg,67
151314.jpg,99
29671.jpg,105
78419.jpg,45
1408.jpg,45
51858.jpg,53
113121.jpg,3
48549.jpg,46
110607.jpg,22
88639.jpg,105
21977.jpg,12
86375.jpg,84
157754.jpg,58
69444.jpg,12
88407.jpg,21
39576.jpg,45
136122.jpg,84
112959.jpg,84
103397.jpg,36
39388.jpg,105
89407.jpg,70
146452.jpg,101
156627.jpg,84
96399.jpg,40
40393.jpg,70
98650.jpg,12
129539.jpg,72
36146.jpg,14
89210.jpg,101
62725.jpg,58
78669.jpg,101
47297.jpg,45
23690.jpg,84
10665.jpg,99
89565.jpg,45
130417.jpg,45
154064.jpg,12
54166.jpg,58
141624.jpg,63
117584.jpg,56
120683.jpg,53
60837.jpg,113
149145.jpg,22
15999.jpg,34
83027.jpg,39
20728.jpg,6
71700.jpg,32
136208.jpg,84
122934.jpg,58
18813.jpg,31
114491.jpg,46
130636.jpg,105
14383.jpg,32
137802.jpg,21
48511.jpg,45
101552.jpg,29
31312.jpg,26
121592.jpg,58
17020.jpg,12
123431.jpg,101
98222.jpg,3
16015.jpg,92
148954.jpg,22
85026.jpg,84
70701.jpg,32
56743.jpg,113
151134.jpg,3
27590.jpg,84
107974.jpg,101
18898.jpg,36
1975.jpg,101
53130.jpg,6
46265.jpg,61
5861.jpg,118
138664.jpg,24
92256.jpg,34
53772.jpg,99
47860.jpg,101
100238.jpg,58
89743.jpg,45
50315.jpg,84
3098.jpg,117
158284.jpg,45
63388.jpg,12
139665.jpg,3
117672.jpg,84
64692.jpg,27
158876.jpg,0
90885.jpg,32
61849.jpg,58
58931.jpg,24
32693.jpg,84
146419.jpg,53
64579.jpg,53
84318.jpg,31
135574.jpg,99
92178.jpg,26
58750.jpg,12
68228.jpg,17
115975.jpg,78
61336.jpg,4
89316.jpg,42
63086.jpg,26
23649.jpg,58
137238.jpg,53
11548.jpg,27
118663.jpg,94
136361.jpg,56
141644.jpg,105
145549.jpg,112
85044.jpg,43
5513.jpg,99
45427.jpg,105
160209.jpg,105
98246.jpg,81
45905.jpg,12
93005.jpg,3
21096.jpg,49
87494.jpg,11
127640.jpg,117
26585.jpg,45
65781.jpg,99
113071.jpg,34
4915.jpg,58
21129.jpg,73
45707.jpg,85
97530.jpg,70
3064.jpg,11
105282.jpg,45
134642.jpg,67
125585.jpg,113
72661.jpg,53
15186.jpg,58
83755.jpg,58
34111.jpg,99
150028.jpg,56
109638.jpg,99
125636.jpg,89
109985.jpg,67
133227.jpg,84
147199.jpg,66
38883.jpg,58
19450.jpg,84
74615.jpg,11
102648.jpg,42
12693.jpg,36
103365.jpg,5
26277.jpg,43
133414.jpg,26
82373.jpg,105
32676.jpg,99
106707.jpg,84
36392.jpg,89
18745.jpg,84
20649.jpg,21
7577.jpg,12
40283.jpg,26
150739.jpg,34
143615.jpg,101
94689.jpg,61
23903.jpg,26
107132.jpg,74
53073.jpg,58
93663.jpg,24
146422.jpg,53
8046.jpg,101
1766.jpg,70
5585.jpg,84
132554.jpg,101
18624.jpg,26
78473.jpg,50
24091.jpg,26
118270.jpg,101
104558.jpg,26
43170.jpg,99
136833.jpg,0
52438.jpg,0
45076.jpg,99
31909.jpg,8
131777.jpg,84
160091.jpg,81
65129.jpg,12
135330.jpg,12
84809.jpg,101
38845.jpg,61
101260.jpg,101
32864.jpg,101
64345.jpg,49
88598.jpg,43
146542.jpg,27
12742.jpg,67
54100.jpg,113
29953.jpg,101
22768.jpg,21
72319.jpg,21
62550.jpg,84
157633.jpg,72
36822.jpg,117
109918.jpg,23
54263.jpg,50
93461.jpg,21
35673.jpg,32
34501.jpg,29
125073.jpg,94
109258.jpg,16
120970.jpg,58
80399.jpg,56
50169.jpg,45
68132.jpg,61
153455.jpg,31
7685.jpg,114
94843.jpg,67
44102.jpg,31
6048.jpg,26
142379.jpg,58
107768.jpg,3
14811.jpg,60
82383.jpg,45
43298.jpg,27
124546.jpg,45
136112.jpg,28
89867.jpg,84
102654.jpg,11
24419.jpg,99
142100.jpg,61
67159.jpg,36
128502.jpg,58
3673.jpg,12
55743.jpg,12
12594.jpg,67
131993.jpg,34
131189.jpg,0
49560.jpg,0
6890.jpg,101
148167.jpg,58
84232.jpg,94
24361.jpg,112
32394.jpg,107
141068.jpg,8
28976.jpg,34
129730.jpg,12
46752.jpg,81
159036.jpg,53
62344.jpg,101
89410.jpg,32
96437.jpg,11
136581.jpg,101
102841.jpg,12
41647.jpg,93
127607.jpg,114
20438.jpg,17
137623.jpg,43
134299.jpg,17
51708.jpg,114
33200.jpg,76
15922.jpg,20
124902.jpg,12
160410.jpg,45
40858.jpg,45
129533.jpg,76
85880.jpg,84
52486.jpg,58
110825.jpg,114
55861.jpg,99
119438.jpg,5
7601.jpg,34
33909.jpg,101
13680.jpg,67
62828.jpg,76
4576.jpg,84
116404.jpg,101
25615.jpg,8
15008.jpg,112
17540.jpg,103
116312.jpg,4
137384.jpg,105
154744.jpg,34
43500.jpg,45
78821.jpg,109
97990.jpg,12
78675.jpg,70
100418.jpg,61
127257.jpg,84
37083.jpg,108
150878.jpg,70
83597.jpg,99
104266.jpg,11
135531.jpg,99
140884.jpg,36
801.jpg,45
74846.jpg,99
10545.jpg,117
67381.jpg,11
148387.jpg,46
25046.jpg,45
83934.jpg,84
144180.jpg,100
121516.jpg,26
123035.jpg,12
13733.jpg,26
54389.jpg,3
33781.jpg,12
160086.jpg,45
46994.jpg,61
129820.jpg,70
30784.jpg,58
107340.jpg,84
153003.jpg,101
21623.jpg,105
104893.jpg,58
29380.jpg,12
148982.jpg,99
9550.jpg,21
22700.jpg,36
106004.jpg,26
16564.jpg,101
14720.jpg,58
20772.jpg,2
76400.jpg,49
113197.jpg,58
148808.jpg,43
43424.jpg,3
35874.jpg,100
91881.jpg,12
9907.jpg,58
38122.jpg,89
39823.jpg,99
21049.jpg,70
25731.jpg,68
6344.jpg,45
126332.jpg,84
52041.jpg,58
64410.jpg,12
51045.jpg,58
125607.jpg,3
14697.jpg,58
6226.jpg,114
136743.jpg,117
78934.jpg,0
25685.jpg,27
50523.jpg,38
96425.jpg,3
78414.jpg,84
44328.jpg,5
109841.jpg,22
104215.jpg,101
90902.jpg,0
93065.jpg,99
96686.jpg,94
2697.jpg,105
121054.jpg,0
113401.jpg,8
126916.jpg,84
129035.jpg,43
21337.jpg,101
46766.jpg,101
149225.jpg,16
30324.jpg,119
9730.jpg,12
94940.jpg,58
3877.jpg,23
146769.jpg,12
76798.jpg,67
139202.jpg,26
646.jpg,99
65276.jpg,84
142668.jpg,22
160266.jpg,27
95632.jpg,26
59156.jpg,101
9495.jpg,66
45678.jpg,3
76515.jpg,0
67142.jpg,61
137317.jpg,4
141292.jpg,100
139939.jpg,32
149469.jpg,45
43581.jpg,99
3543.jpg,0
65877.jpg,58
64332.jpg,59
125495.jpg,45
40630.jpg,58
28149.jpg,105
31010.jpg,36
81425.jpg,99
127808.jpg,45
143395.jpg,107
160138.jpg,18
129758.jpg,99
113404.jpg,99
96829.jpg,58
133521.jpg,38
121367.jpg,117
77184.jpg,27
7648.jpg,40
49405.jpg,45
61087.jpg,84
26524.jpg,101
149301.jpg,36
53131.jpg,84
14830.jpg,26
137954.jpg,101
56613.jpg,31
39523.jpg,28
108946.jpg,39
115633.jpg,84
810.jpg,73
69319.jpg,101
78791.jpg,31
76432.jpg,58
59743.jpg,84
101887.jpg,45
56548.jpg,24
121955.jpg,94
39449.jpg,36
126443.jpg,53
4292.jpg,58
32790.jpg,34
156206.jpg,58
99469.jpg,58
94009.jpg,45
122352.jpg,99
34430.jpg,70
24009.jpg,99
22592.jpg,58
58568.jpg,44
38213.jpg,119
116249.jpg,3
126747.jpg,34
28975.jpg,45
85409.jpg,50
41964.jpg,104
2802.jpg,70
31019.jpg,27
141363.jpg,22
145551.jpg,113
110631.jpg,34
135646.jpg,16
129356.jpg,84
46475.jpg,0
100547.jpg,12
43861.jpg,26
122542.jpg,58
97552.jpg,113
19357.jpg,11
101945.jpg,84
118251.jpg,3
10915.jpg,105
61768.jpg,1
122380.jpg,45
9421.jpg,99
143708.jpg,58
80368.jpg,26
84196.jpg,3
107554.jpg,26
67239.jpg,12
113872.jpg,105
121659.jpg,58
44023.jpg,74
46044.jpg,34
154695.jpg,84
120564.jpg,69
145905.jpg,49
2078.jpg,56
31199.jpg,17
85678.jpg,70
99595.jpg,26
60748.jpg,101
143141.jpg,58
32587.jpg,21
80402.jpg,88
157421.jpg,58
23100.jpg,17
27240.jpg,3
480.jpg,45
59979.jpg,22
22678.jpg,53
86646.jpg,5
111980.jpg,58
32659.jpg,84
2622.jpg,66
117290.jpg,94
7659.jpg,99
133578.jpg,84
130906.jpg,105
159740.jpg,12
34340.jpg,101
36832.jpg,29
2134.jpg,32
68134.jpg,81
158009.jpg,58
108735.jpg,5
151388.jpg,117
65893.jpg,99
131485.jpg,117
7167.jpg,6
126931.jpg,84
96571.jpg,3
29781.jpg,27
154263.jpg,70
90887.jpg,101
34907.jpg,45
37873.jpg,45
128273.jpg,113
123638.jpg,12
17066.jpg,67
78917.jpg,45
75556.jpg,84
3470.jpg,72
115364.jpg,101
39079.jpg,56
132721.jpg,50
129349.jpg,73
64907.jpg,45
123739.jpg,105
48796.jpg,22
23058.jpg,27
155188.jpg,45
109595.jpg,105
67714.jpg,6
149951.jpg,26
125960.jpg,0
27435.jpg,58
13883.jpg,5
38197.jpg,101
9788.jpg,54
85093.jpg,1
42825.jpg,99
22036.jpg,26
33731.jpg,0
68160.jpg,111
116908.jpg,58
60756.jpg,67
114068.jpg,48
79571.jpg,58
19540.jpg,101
21600.jpg,81
109435.jpg,84
122043.jpg,58
3721.jpg,101
112405.jpg,84
133888.jpg,60
128034.jpg,3
138836.jpg,34
53019.jpg,105
27054.jpg,49
107235.jpg,45
45934.jpg,8
117799.jpg,61
25788.jpg,61
19398.jpg,105
59486.jpg,113
18210.jpg,101
106084.jpg,94
67846.jpg,58
74225.jpg,105
51352.jpg,45
17870.jpg,81
8720.jpg,113
80751.jpg,3
60175.jpg,12
91624.jpg,101
157809.jpg,26
48928.jpg,99
140787.jpg,12
96060.jpg,84
19581.jpg,61
137217.jpg,84
137024.jpg,26
81608.jpg,101
33208.jpg,72
25161.jpg,58
16461.jpg,118
24527.jpg,67
131662.jpg,84
95138.jpg,38
22519.jpg,75
138840.jpg,84
109940.jpg,28
63068.jpg,18
133020.jpg,53
107198.jpg,26
37725.jpg,88
3558.jpg,101
33809.jpg,119
70408.jpg,20
63288.jpg,36
128997.jpg,43
117728.jpg,84
44019.jpg,58
119565.jpg,31
57551.jpg,45
116879.jpg,101
80927.jpg,109
36073.jpg,42
110728.jpg,58
128393.jpg,58
130609.jpg,58
9065.jpg,99
6795.jpg,101
103134.jpg,8
22967.jpg,101
75619.jpg,27
79591.jpg,61
137280.jpg,70
66076.jpg,45
94244.jpg,36
129378.jpg,95
97628.jpg,84
114278.jpg,84
3752.jpg,58
149300.jpg,22
18692.jpg,105
105782.jpg,5
55325.jpg,12
70049.jpg,72
122530.jpg,58
97737.jpg,45
101716.jpg,84
90031.jpg,45
50742.jpg,27
7258.jpg,58
122419.jpg,43
148255.jpg,58
97427.jpg,84
71494.jpg,111
49690.jpg,117
13837.jpg,5
10826.jpg,101
156729.jpg,101
80909.jpg,101
105105.jpg,78
27912.jpg,101
24325.jpg,37
113002.jpg,76
107829.jpg,26
127361.jpg,101
44313.jpg,100
77431.jpg,99
95388.jpg,119
35605.jpg,12
117316.jpg,84
77292.jpg,42
156730.jpg,99
110912.jpg,99
114436.jpg,94
57800.jpg,32
90124.jpg,84
80875.jpg,45
30242.jpg,12
36961.jpg,32
542.jpg,12
158877.jpg,22
108640.jpg,45
61480.jpg,49
143111.jpg,18
140678.jpg,118
94407.jpg,101
98333.jpg,45
105500.jpg,24
119328.jpg,58
51085.jpg,105
73337.jpg,12
61408.jpg,8
122102.jpg,60
34489.jpg,105
141099.jpg,114
18760.jpg,36
29223.jpg,112
90609.jpg,36
85143.jpg,36
